表serial,电表地址,网关serial,总线(ch),电量(kWh)
S1-F10-DB01-1001,1,NS-S1-F11-DBWG04,1,787.98
S1-F10-DB01-1002,2,NS-S1-F11-DBWG04,1,440.06
S1-F10-DB01-1003,3,NS-S1-F11-DBWG04,1,625.19
S1-F10-DB01-1004,4,NS-S1-F11-DBWG04,1,1059.95
S1-F10-DB01-1005,5,NS-S1-F11-DBWG04,1,911.13
S1-F10-DB01-1006,6,NS-S1-F11-DBWG04,1,859.42
S1-F10-DB01-1007,7,NS-S1-F11-DBWG04,1,587.86
S1-F10-DB01-1008,8,NS-S1-F11-DBWG04,1,962.19
S1-F10-DB01-1009,9,NS-S1-F11-DBWG04,1,1190.9
S1-F10-DB01-1010,10,NS-S1-F11-DBWG04,1,969.66
S1-F10-DB01-1011,11,NS-S1-F11-DBWG04,1,1044.3
S1-F10-DB01-1012,12,NS-S1-F11-DBWG04,1,997.02
S1-F10-DB02-1013,13,NS-S1-F11-DBWG04,1,930.79
S1-F10-DB02-1014,14,NS-S1-F11-DBWG04,1,1092.46
S1-F10-DB02-1015,15,NS-S1-F11-DBWG04,1,1158.3
S1-F10-DB02-1016,16,NS-S1-F11-DBWG04,1,1286.79
S1-F10-DB02-1017,17,NS-S1-F11-DBWG04,1,958.73
S1-F10-DB02-1018,18,NS-S1-F11-DBWG04,1,760.94
S1-F10-DB02-1019,19,NS-S1-F11-DBWG04,1,704.67
S1-F10-DB02-1020,20,NS-S1-F11-DBWG04,1,980.71
S1-F10-DB02-1021,21,NS-S1-F11-DBWG04,1,619.77
S1-F10-DB02-1022,22,NS-S1-F11-DBWG04,1,515
S1-F10-DB02-1023,23,NS-S1-F11-DBWG04,1,658.01
S1-F10-DB02-1024,24,NS-S1-F11-DBWG04,1,1524.29
S1-F10-DB03-1025,25,NS-S1-F11-DBWG04,1,307.94
S1-F10-DB03-1026,26,NS-S1-F11-DBWG04,1,924.34
S1-F10-DB03-1027,27,NS-S1-F11-DBWG04,1,1479.26
S1-F10-DB03-1028,28,NS-S1-F11-DBWG04,1,497.23
S1-F10-DB03-1029,29,NS-S1-F11-DBWG04,1,650.01
S1-F10-DB03-1030,30,NS-S1-F11-DBWG04,1,626.69
S1-F10-DB03-1031,31,NS-S1-F11-DBWG04,1,999.31
S1-F11-DB01-1101,1,NS-S1-F11-DBWG04,2,1181.59
S1-F11-DB01-1102,2,NS-S1-F11-DBWG04,2,1141.67
S1-F11-DB01-1103,3,NS-S1-F11-DBWG04,2,1268.2
S1-F11-DB01-1104,4,NS-S1-F11-DBWG04,2,1397.5
S1-F11-DB01-1105,5,NS-S1-F11-DBWG04,2,1386.52
S1-F11-DB01-1106,6,NS-S1-F11-DBWG04,2,1750.33
S1-F11-DB01-1107,7,NS-S1-F11-DBWG04,2,1165.17
S1-F11-DB01-1108,8,NS-S1-F11-DBWG04,2,877.7
S1-F11-DB01-1109,9,NS-S1-F11-DBWG04,2,1789.5
S1-F11-DB01-1110,10,NS-S1-F11-DBWG04,2,1101.79
S1-F11-DB01-1111,11,NS-S1-F11-DBWG04,2,2232.81
S1-F11-DB01-1112,12,NS-S1-F11-DBWG04,2,1485.87
S1-F11-DB02-1113,13,NS-S1-F11-DBWG04,2,1917.66
S1-F11-DB02-1114,14,NS-S1-F11-DBWG04,2,494.34
S1-F11-DB02-1115,15,NS-S1-F11-DBWG04,2,1065.41
S1-F11-DB02-1116,16,NS-S1-F11-DBWG04,2,1598.08
S1-F11-DB02-1117,17,NS-S1-F11-DBWG04,2,1250.75
S1-F11-DB02-1118,18,NS-S1-F11-DBWG04,2,1561
S1-F11-DB02-1119,19,NS-S1-F11-DBWG04,2,1896.06
S1-F11-DB02-1120,20,NS-S1-F11-DBWG04,2,1133.59
S1-F11-DB02-1121,21,NS-S1-F11-DBWG04,2,1573.01
S1-F11-DB02-1122,22,NS-S1-F11-DBWG04,2,577.29
S1-F11-DB02-1123,23,NS-S1-F11-DBWG04,2,1805.68
S1-F11-DB02-1124,24,NS-S1-F11-DBWG04,2,1617.17
S1-F11-DB03-1125,25,NS-S1-F11-DBWG04,2,1407.59
S1-F11-DB03-1126,26,NS-S1-F11-DBWG04,2,519.68
S1-F11-DB03-1127,27,NS-S1-F11-DBWG04,2,1785.24
S1-F11-DB03-1128,28,NS-S1-F11-DBWG04,2,1736.9
S1-F11-DB03-1129,29,NS-S1-F11-DBWG04,2,1765.43
S1-F11-DB03-1130,30,NS-S1-F11-DBWG04,2,1325.94
S1-F11-DB03-1131,31,NS-S1-F11-DBWG04,2,2217.87
S1-F1-DB01-101,1,NS-S1-F2-DBWG01,1,3493.99
S1-F1-DB01-102,2,NS-S1-F2-DBWG01,1,3738.66
S1-F1-DB01-103,3,NS-S1-F2-DBWG01,1,234.13
S1-F1-DB01-104,4,NS-S1-F2-DBWG01,1,255.95
S1-F1-DB01-105,5,NS-S1-F2-DBWG01,1,1074.82
S1-F1-DB01-106,6,NS-S1-F2-DBWG01,1,3688.21
S1-F1-DB01-107,7,NS-S1-F2-DBWG01,1,1886.84
S1-F1-DB01-108,8,NS-S1-F2-DBWG01,1,1306.22
S1-F1-DB01-109,9,NS-S1-F2-DBWG01,1,2063.57
S1-F1-DB01-110,10,NS-S1-F2-DBWG01,1,1846.12
S1-F1-DB01-111,11,NS-S1-F2-DBWG01,1,242.97
S1-F1-DB01-112,12,NS-S1-F2-DBWG01,1,1184.18
S1-F1-DB01-113,13,NS-S1-F2-DBWG01,1,1904.18
S1-F1-DB01-114,14,NS-S1-F2-DBWG01,1,2550.48
S1-F1-DB01-115,15,NS-S1-F2-DBWG01,1,1299.9
S1-F1-DB01-116,16,NS-S1-F2-DBWG01,1,1236.59
S1-F2-DB01-201,1,NS-S1-F2-DBWG01,2,5024.31
S1-F2-DB01-202,2,NS-S1-F2-DBWG01,2,7137.56
S1-F2-DB01-203,3,NS-S1-F2-DBWG01,2,1882.72
S1-F2-DB01-204,4,NS-S1-F2-DBWG01,2,5086.35
S1-F2-DB01-205,5,NS-S1-F2-DBWG01,2,3494.54
S1-F2-DB01-206,6,NS-S1-F2-DBWG01,2,7465.48
S1-F2-DB01-207,7,NS-S1-F2-DBWG01,2,3235.66
S1-F2-DB01-208,8,NS-S1-F2-DBWG01,2,2002.08
S1-F2-DB01-209,9,NS-S1-F2-DBWG01,2,1864.15
S1-F2-DB01-210,10,NS-S1-F2-DBWG01,2,1437.26
S1-F2-DB01-211,11,NS-S1-F2-DBWG01,2,1484.8
S1-F2-DB01-212,12,NS-S1-F2-DBWG01,2,853.66
S1-F2-DB02-213,13,NS-S1-F2-DBWG01,2,1270.54
S1-F2-DB02-214,14,NS-S1-F2-DBWG01,2,1723.64
S1-F2-DB02-215,15,NS-S1-F2-DBWG01,2,1641.52
S1-F2-DB02-216,16,NS-S1-F2-DBWG01,2,1443.28
S1-F2-DB02-217,17,NS-S1-F2-DBWG01,2,2243.51
S1-F2-DB02-218,18,NS-S1-F2-DBWG01,2,960.03
S1-F2-DB02-219,19,NS-S1-F2-DBWG01,2,1366.59
S1-F2-DB02-220,20,NS-S1-F2-DBWG01,2,2608.37
S1-F2-DB02-221,21,NS-S1-F2-DBWG01,2,1853.42
S1-F2-DB02-222,22,NS-S1-F2-DBWG01,2,1330.96
S1-F2-DB02-223,23,NS-S1-F2-DBWG01,2,1516.01
S1-F2-DB02-224,24,NS-S1-F2-DBWG01,2,2153.73
S1-F2-DB03-225,25,NS-S1-F2-DBWG01,2,800.26
S1-F2-DB03-226,26,NS-S1-F2-DBWG01,2,1771.5
S1-F2-DB03-227,27,NS-S1-F2-DBWG01,2,1178.76
S1-F2-DB03-228,28,NS-S1-F2-DBWG01,2,1458.29
S1-F2-DB03-229,29,NS-S1-F2-DBWG01,2,1622.2
S1-F2-DB03-230,30,NS-S1-F2-DBWG01,2,1513.84
S1-F2-DB03-231,31,NS-S1-F2-DBWG01,2,1726.07
S1-F3-DB01-301,1,NS-S1-F2-DBWG01,3,5.05
S1-F3-DB01-302,2,NS-S1-F2-DBWG01,3,1428.44
S1-F3-DB01-303,3,NS-S1-F2-DBWG01,3,0
S1-F3-DB01-304,4,NS-S1-F2-DBWG01,3,10.67
S1-F3-DB01-305,5,NS-S1-F2-DBWG01,3,2758.19
S1-F3-DB01-306,6,NS-S1-F2-DBWG01,3,0.04
S1-F3-DB01-307,7,NS-S1-F2-DBWG01,3,37.29
S1-F3-DB01-308,8,NS-S1-F2-DBWG01,3,2311.34
S1-F3-DB01-309,9,NS-S1-F2-DBWG01,3,0.02
S1-F3-DB01-310,10,NS-S1-F2-DBWG01,3,18.62
S1-F3-DB01-311,11,NS-S1-F2-DBWG01,3,1389.62
S1-F3-DB01-312,12,NS-S1-F2-DBWG01,3,0
S1-F3-DB02-313,13,NS-S1-F2-DBWG01,3,9.53
S1-F3-DB02-314,14,NS-S1-F2-DBWG01,3,1518.47
S1-F3-DB02-315,15,NS-S1-F2-DBWG01,3,0.15
S1-F3-DB02-316,16,NS-S1-F2-DBWG01,3,6.26
S1-F3-DB02-317,17,NS-S1-F2-DBWG01,3,1477.24
S1-F3-DB02-318,18,NS-S1-F2-DBWG01,3,0.05
S1-F3-DB02-319,19,NS-S1-F2-DBWG01,3,8.85
S1-F3-DB02-320,20,NS-S1-F2-DBWG01,3,2527.48
S1-F3-DB02-321,21,NS-S1-F2-DBWG01,3,0.08
S1-F3-DB02-322,22,NS-S1-F2-DBWG01,3,2.03
S1-F3-DB02-323,23,NS-S1-F2-DBWG01,3,1849.95
S1-F3-DB02-324,24,NS-S1-F2-DBWG01,3,0
S1-F3-DB03-325,25,NS-S1-F2-DBWG01,3,2393.95
S1-F3-DB03-326,26,NS-S1-F2-DBWG01,3,2601.99
S1-F3-DB03-327,27,NS-S1-F2-DBWG01,3,1902.42
S1-F3-DB03-328,28,NS-S1-F2-DBWG01,3,3722.44
S1-F3-DB03-329,29,NS-S1-F2-DBWG01,3,1426.63
S1-F3-DB03-330,30,NS-S1-F2-DBWG01,3,1102.03
S1-F3-DB03-331,31,NS-S1-F2-DBWG01,3,1522.16
S1-F4-DB01-401,1,NS-S1-F2-DBWG02,1,1362.2
S1-F4-DB01-402,2,NS-S1-F2-DBWG02,1,865.44
S1-F4-DB01-403,3,NS-S1-F2-DBWG02,1,1176.65
S1-F4-DB01-404,4,NS-S1-F2-DBWG02,1,601.32
S1-F4-DB01-405,5,NS-S1-F2-DBWG02,1,1016.17
S1-F4-DB01-406,6,NS-S1-F2-DBWG02,1,1680.93
S1-F4-DB01-407,7,NS-S1-F2-DBWG02,1,863.33
S1-F4-DB01-408,8,NS-S1-F2-DBWG02,1,1601.34
S1-F4-DB01-409,9,NS-S1-F2-DBWG02,1,1826.53
S1-F4-DB01-410,10,NS-S1-F2-DBWG02,1,950.68
S1-F4-DB01-411,11,NS-S1-F2-DBWG02,1,1640.99
S1-F4-DB01-412,12,NS-S1-F2-DBWG02,1,595.51
S1-F4-DB02-413,13,NS-S1-F2-DBWG02,1,842.81
S1-F4-DB02-414,14,NS-S1-F2-DBWG02,1,1025.67
S1-F4-DB02-415,15,NS-S1-F2-DBWG02,1,758.45
S1-F4-DB02-416,16,NS-S1-F2-DBWG02,1,1394.08
S1-F4-DB02-417,17,NS-S1-F2-DBWG02,1,868.69
S1-F4-DB02-418,18,NS-S1-F2-DBWG02,1,1107.53
S1-F4-DB02-419,19,NS-S1-F2-DBWG02,1,1168.57
S1-F4-DB02-420,20,NS-S1-F2-DBWG02,1,864.71
S1-F4-DB02-421,21,NS-S1-F2-DBWG02,1,797.63
S1-F4-DB02-422,22,NS-S1-F2-DBWG02,1,491.61
S1-F4-DB02-423,23,NS-S1-F2-DBWG02,1,915.74
S1-F4-DB02-424,24,NS-S1-F2-DBWG02,1,906.78
S1-F4-DB03-425,25,NS-S1-F2-DBWG02,1,649.49
S1-F4-DB03-426,26,NS-S1-F2-DBWG02,1,645.99
S1-F4-DB03-427,27,NS-S1-F2-DBWG02,1,1662.47
S1-F4-DB03-428,28,NS-S1-F2-DBWG02,1,1065.98
S1-F4-DB03-429,29,NS-S1-F2-DBWG02,1,1097.49
S1-F4-DB03-430,30,NS-S1-F2-DBWG02,1,688.64
S1-F4-DB03-431,31,NS-S1-F2-DBWG02,1,2875.62
S1-F5-DB01-501,1,NS-S1-F2-DBWG02,2,
S1-F5-DB01-502,2,NS-S1-F2-DBWG02,2,
S1-F5-DB01-503,3,NS-S1-F2-DBWG02,2,
S1-F5-DB01-504,4,NS-S1-F2-DBWG02,2,
S1-F5-DB01-505,5,NS-S1-F2-DBWG02,2,
S1-F5-DB01-506,6,NS-S1-F2-DBWG02,2,
S1-F5-DB01-507,7,NS-S1-F2-DBWG02,2,
S1-F5-DB01-508,8,NS-S1-F2-DBWG02,2,
S1-F5-DB01-509,9,NS-S1-F2-DBWG02,2,
S1-F5-DB01-510,10,NS-S1-F2-DBWG02,2,
S1-F5-DB01-511,11,NS-S1-F2-DBWG02,2,
S1-F5-DB01-512,12,NS-S1-F2-DBWG02,2,
S1-F5-DB02-513,13,NS-S1-F2-DBWG02,2,
S1-F5-DB02-514,14,NS-S1-F2-DBWG02,2,
S1-F5-DB02-515,15,NS-S1-F2-DBWG02,2,
S1-F5-DB02-516,16,NS-S1-F2-DBWG02,2,
S1-F5-DB02-517,17,NS-S1-F2-DBWG02,2,
S1-F5-DB02-518,18,NS-S1-F2-DBWG02,2,
S1-F5-DB02-519,19,NS-S1-F2-DBWG02,2,
S1-F5-DB02-520,20,NS-S1-F2-DBWG02,2,
S1-F5-DB02-521,21,NS-S1-F2-DBWG02,2,
S1-F5-DB02-522,22,NS-S1-F2-DBWG02,2,
S1-F5-DB02-523,23,NS-S1-F2-DBWG02,2,
S1-F5-DB02-524,24,NS-S1-F2-DBWG02,2,
S1-F5-DB03-525,25,NS-S1-F2-DBWG02,2,
S1-F5-DB03-526,26,NS-S1-F2-DBWG02,2,
S1-F5-DB03-527,27,NS-S1-F2-DBWG02,2,
S1-F5-DB03-528,28,NS-S1-F2-DBWG02,2,
S1-F5-DB03-529,29,NS-S1-F2-DBWG02,2,
S1-F5-DB03-530,30,NS-S1-F2-DBWG02,2,
S1-F5-DB03-531,31,NS-S1-F2-DBWG02,2,
S1-F6-DB01-601,1,NS-S1-F2-DBWG02,3,2263.12
S1-F6-DB01-602,2,NS-S1-F2-DBWG02,3,1944.17
S1-F6-DB01-603,3,NS-S1-F2-DBWG02,3,2982.27
S1-F6-DB01-604,4,NS-S1-F2-DBWG02,3,1530.38
S1-F6-DB01-605,5,NS-S1-F2-DBWG02,3,2088.92
S1-F6-DB01-606,6,NS-S1-F2-DBWG02,3,1809.54
S1-F6-DB01-607,7,NS-S1-F2-DBWG02,3,751.33
S1-F6-DB01-608,8,NS-S1-F2-DBWG02,3,1618.54
S1-F6-DB01-609,9,NS-S1-F2-DBWG02,3,1987.13
S1-F6-DB01-610,10,NS-S1-F2-DBWG02,3,1578.36
S1-F6-DB01-611,11,NS-S1-F2-DBWG02,3,736.25
S1-F6-DB01-612,12,NS-S1-F2-DBWG02,3,1029.13
S1-F6-DB02-613,13,NS-S1-F2-DBWG02,3,2010.91
S1-F6-DB02-614,14,NS-S1-F2-DBWG02,3,1415.59
S1-F6-DB02-615,15,NS-S1-F2-DBWG02,3,1745.8
S1-F6-DB02-616,16,NS-S1-F2-DBWG02,3,1674.37
S1-F6-DB02-617,17,NS-S1-F2-DBWG02,3,1994.53
S1-F6-DB02-618,18,NS-S1-F2-DBWG02,3,1254.97
S1-F6-DB02-619,19,NS-S1-F2-DBWG02,3,1706.02
S1-F6-DB02-620,20,NS-S1-F2-DBWG02,3,950.75
S1-F6-DB02-621,21,NS-S1-F2-DBWG02,3,2321.68
S1-F6-DB02-622,22,NS-S1-F2-DBWG02,3,759.87
S1-F6-DB02-623,23,NS-S1-F2-DBWG02,3,2046.54
S1-F6-DB02-624,24,NS-S1-F2-DBWG02,3,1670.63
S1-F6-DB03-625,25,NS-S1-F2-DBWG02,3,1475.88
S1-F6-DB03-626,26,NS-S1-F2-DBWG02,3,2284.26
S1-F6-DB03-627,27,NS-S1-F2-DBWG02,3,1205.29
S1-F6-DB03-628,28,NS-S1-F2-DBWG02,3,1500.4
S1-F6-DB03-629,29,NS-S1-F2-DBWG02,3,2850.63
S1-F6-DB03-630,30,NS-S1-F2-DBWG02,3,483.29
S1-F6-DB03-631,31,NS-S1-F2-DBWG02,3,1394.78
S1-F7-DB01-701,1,NS-S1-F2-DBWG03,1,1996.62
S1-F7-DB01-702,2,NS-S1-F2-DBWG03,1,1727.71
S1-F7-DB01-703,3,NS-S1-F2-DBWG03,1,2388.32
S1-F7-DB01-704,4,NS-S1-F2-DBWG03,1,3434.31
S1-F7-DB01-705,5,NS-S1-F2-DBWG03,1,1399.04
S1-F7-DB01-706,6,NS-S1-F2-DBWG03,1,1304.53
S1-F7-DB01-707,7,NS-S1-F2-DBWG03,1,1969.68
S1-F7-DB01-708,8,NS-S1-F2-DBWG03,1,1609.07
S1-F7-DB01-709,9,NS-S1-F2-DBWG03,1,1298.98
S1-F7-DB01-710,10,NS-S1-F2-DBWG03,1,1578.91
S1-F7-DB01-711,11,NS-S1-F2-DBWG03,1,1051.22
S1-F7-DB01-712,12,NS-S1-F2-DBWG03,1,2171.85
S1-F7-DB02-713,13,NS-S1-F2-DBWG03,1,1645.26
S1-F7-DB02-714,14,NS-S1-F2-DBWG03,1,2214.73
S1-F7-DB02-715,15,NS-S1-F2-DBWG03,1,1895.59
S1-F7-DB02-716,16,NS-S1-F2-DBWG03,1,1416.72
S1-F7-DB02-717,17,NS-S1-F2-DBWG03,1,1727.95
S1-F7-DB02-718,18,NS-S1-F2-DBWG03,1,2332.64
S1-F7-DB02-719,19,NS-S1-F2-DBWG03,1,1901.42
S1-F7-DB02-720,20,NS-S1-F2-DBWG03,1,1648.92
S1-F7-DB02-721,21,NS-S1-F2-DBWG03,1,1241.26
S1-F7-DB02-722,22,NS-S1-F2-DBWG03,1,533.67
S1-F7-DB02-723,23,NS-S1-F2-DBWG03,1,1832.73
S1-F7-DB02-724,24,NS-S1-F2-DBWG03,1,1776.45
S1-F7-DB03-725,25,NS-S1-F2-DBWG03,1,1199.92
S1-F7-DB03-726,26,NS-S1-F2-DBWG03,1,1676.34
S1-F7-DB03-727,27,NS-S1-F2-DBWG03,1,1849.99
S1-F7-DB03-728,28,NS-S1-F2-DBWG03,1,757.37
S1-F7-DB03-729,29,NS-S1-F2-DBWG03,1,1759.59
S1-F7-DB03-730,30,NS-S1-F2-DBWG03,1,1666.1
S1-F7-DB03-731,31,NS-S1-F2-DBWG03,1,1686.22
S1-F8-DB01-801,1,NS-S1-F2-DBWG03,2,1514.89
S1-F8-DB01-802,2,NS-S1-F2-DBWG03,2,1795.92
S1-F8-DB01-803,3,NS-S1-F2-DBWG03,2,1637.99
S1-F8-DB01-804,4,NS-S1-F2-DBWG03,2,2851.52
S1-F8-DB01-805,5,NS-S1-F2-DBWG03,2,1464.68
S1-F8-DB01-806,6,NS-S1-F2-DBWG03,2,2183.29
S1-F8-DB01-807,7,NS-S1-F2-DBWG03,2,2051.87
S1-F8-DB01-808,8,NS-S1-F2-DBWG03,2,1247.07
S1-F8-DB01-809,9,NS-S1-F2-DBWG03,2,1378.9
S1-F8-DB01-810,10,NS-S1-F2-DBWG03,2,1686.1
S1-F8-DB01-811,11,NS-S1-F2-DBWG03,2,1530.08
S1-F8-DB01-812,12,NS-S1-F2-DBWG03,2,739.01
S1-F8-DB02-813,13,NS-S1-F2-DBWG03,2,540.48
S1-F8-DB02-814,14,NS-S1-F2-DBWG03,2,1572.6
S1-F8-DB02-815,15,NS-S1-F2-DBWG03,2,826.28
S1-F8-DB02-816,16,NS-S1-F2-DBWG03,2,1307.48
S1-F8-DB02-817,17,NS-S1-F2-DBWG03,2,1509.43
S1-F8-DB02-818,18,NS-S1-F2-DBWG03,2,1926.86
S1-F8-DB02-819,19,NS-S1-F2-DBWG03,2,1730.95
S1-F8-DB02-820,20,NS-S1-F2-DBWG03,2,1504.58
S1-F8-DB02-821,21,NS-S1-F2-DBWG03,2,2638.18
S1-F8-DB02-822,22,NS-S1-F2-DBWG03,2,802.62
S1-F8-DB02-823,23,NS-S1-F2-DBWG03,2,2910.14
S1-F8-DB02-824,24,NS-S1-F2-DBWG03,2,2045.57
S1-F8-DB03-825,25,NS-S1-F2-DBWG03,2,1024.3
S1-F8-DB03-826,26,NS-S1-F2-DBWG03,2,919.98
S1-F8-DB03-827,27,NS-S1-F2-DBWG03,2,1243.53
S1-F8-DB03-828,28,NS-S1-F2-DBWG03,2,2103.77
S1-F8-DB03-829,29,NS-S1-F2-DBWG03,2,1398.83
S1-F8-DB03-830,30,NS-S1-F2-DBWG03,2,2158.17
S1-F8-DB03-831,31,NS-S1-F2-DBWG03,2,1366.09
S1-F9-DB01-901,1,NS-S1-F2-DBWG03,3,687.46
S1-F9-DB01-902,2,NS-S1-F2-DBWG03,3,2374.53
S1-F9-DB01-903,3,NS-S1-F2-DBWG03,3,1843.76
S1-F9-DB01-904,4,NS-S1-F2-DBWG03,3,1245.19
S1-F9-DB01-905,5,NS-S1-F2-DBWG03,3,1781.43
S1-F9-DB01-906,6,NS-S1-F2-DBWG03,3,1327.97
S1-F9-DB01-907,7,NS-S1-F2-DBWG03,3,1733.63
S1-F9-DB01-908,8,NS-S1-F2-DBWG03,3,978.66
S1-F9-DB01-909,9,NS-S1-F2-DBWG03,3,1501.19
S1-F9-DB01-910,10,NS-S1-F2-DBWG03,3,1052.93
S1-F9-DB01-911,11,NS-S1-F2-DBWG03,3,1498.82
S1-F9-DB01-912,12,NS-S1-F2-DBWG03,3,762.94
S1-F9-DB02-913,13,NS-S1-F2-DBWG03,3,896.02
S1-F9-DB02-914,14,NS-S1-F2-DBWG03,3,1494.9
S1-F9-DB02-915,15,NS-S1-F2-DBWG03,3,1630.87
S1-F9-DB02-916,16,NS-S1-F2-DBWG03,3,1407.7
S1-F9-DB02-917,17,NS-S1-F2-DBWG03,3,1575.75
S1-F9-DB02-918,18,NS-S1-F2-DBWG03,3,1466.78
S1-F9-DB02-919,19,NS-S1-F2-DBWG03,3,927.5
S1-F9-DB02-920,20,NS-S1-F2-DBWG03,3,1794.65
S1-F9-DB02-921,21,NS-S1-F2-DBWG03,3,1416.54
S1-F9-DB02-922,22,NS-S1-F2-DBWG03,3,573.18
S1-F9-DB02-923,23,NS-S1-F2-DBWG03,3,1516.72
S1-F9-DB02-924,24,NS-S1-F2-DBWG03,3,872.68
S1-F9-DB03-925,25,NS-S1-F2-DBWG03,3,1901.89
S1-F9-DB03-926,26,NS-S1-F2-DBWG03,3,1162.94
S1-F9-DB03-927,27,NS-S1-F2-DBWG03,3,633.43
S1-F9-DB03-928,28,NS-S1-F2-DBWG03,3,1162.72
S1-F9-DB03-929,29,NS-S1-F2-DBWG03,3,1048.84
S1-F9-DB03-930,30,NS-S1-F2-DBWG03,3,1849.76
S1-F9-DB03-931,31,NS-S1-F2-DBWG03,3,1627.07
S2-F10-DB01-1001,1,NS-S2-F11-DBWG04,1,902.28
S2-F10-DB01-1002,2,NS-S2-F11-DBWG04,1,1880.91
S2-F10-DB01-1003,3,NS-S2-F11-DBWG04,1,1859.84
S2-F10-DB01-1004,4,NS-S2-F11-DBWG04,1,2168.39
S2-F10-DB01-1005,5,NS-S2-F11-DBWG04,1,775.31
S2-F10-DB01-1006,6,NS-S2-F11-DBWG04,1,2468.12
S2-F10-DB01-1007,7,NS-S2-F11-DBWG04,1,982.58
S2-F10-DB01-1008,8,NS-S2-F11-DBWG04,1,1412.23
S2-F10-DB01-1009,9,NS-S2-F11-DBWG04,1,597.22
S2-F10-DB01-1010,10,NS-S2-F11-DBWG04,1,1383.9
S2-F10-DB01-1011,11,NS-S2-F11-DBWG04,1,1239.78
S2-F10-DB01-1012,12,NS-S2-F11-DBWG04,1,1248.63
S2-F10-DB02-1013,13,NS-S2-F11-DBWG04,1,1955.84
S2-F10-DB02-1014,14,NS-S2-F11-DBWG04,1,2152.31
S2-F10-DB02-1015,15,NS-S2-F11-DBWG04,1,967.33
S2-F10-DB02-1016,16,NS-S2-F11-DBWG04,1,1097.23
S2-F10-DB02-1017,17,NS-S2-F11-DBWG04,1,798.66
S2-F10-DB02-1018,18,NS-S2-F11-DBWG04,1,853.44
S2-F10-DB02-1019,19,NS-S2-F11-DBWG04,1,1535.25
S2-F10-DB02-1020,20,NS-S2-F11-DBWG04,1,644.07
S2-F10-DB02-1021,21,NS-S2-F11-DBWG04,1,1441.45
S2-F10-DB02-1022,22,NS-S2-F11-DBWG04,1,173.57
S2-F10-DB02-1023,23,NS-S2-F11-DBWG04,1,1498.79
S2-F10-DB02-1024,24,NS-S2-F11-DBWG04,1,486.57
S2-F10-DB03-1025,25,NS-S2-F11-DBWG04,1,1332.68
S2-F10-DB03-1026,26,NS-S2-F11-DBWG04,1,1745.39
S2-F10-DB03-1027,27,NS-S2-F11-DBWG04,1,1336.47
S2-F10-DB03-1028,28,NS-S2-F11-DBWG04,1,1007.5
S2-F10-DB03-1029,29,NS-S2-F11-DBWG04,1,1435.76
S2-F10-DB03-1030,30,NS-S2-F11-DBWG04,1,528.03
S2-F10-DB03-1031,31,NS-S2-F11-DBWG04,1,225.54
S2-F11-DB01-1101,1,NS-S2-F11-DBWG04,2,151.86
S2-F11-DB01-1102,2,NS-S2-F11-DBWG04,2,87.67
S2-F11-DB01-1103,3,NS-S2-F11-DBWG04,2,369.88
S2-F11-DB01-1104,4,NS-S2-F11-DBWG04,2,698.3
S2-F11-DB01-1105,5,NS-S2-F11-DBWG04,2,1130.6
S2-F11-DB01-1106,6,NS-S2-F11-DBWG04,2,1520.85
S2-F11-DB01-1107,7,NS-S2-F11-DBWG04,2,822.69
S2-F11-DB01-1108,8,NS-S2-F11-DBWG04,2,1268.37
S2-F11-DB01-1109,9,NS-S2-F11-DBWG04,2,581.23
S2-F11-DB01-1110,10,NS-S2-F11-DBWG04,2,1361.59
S2-F11-DB01-1111,11,NS-S2-F11-DBWG04,2,953.69
S2-F11-DB01-1112,12,NS-S2-F11-DBWG04,2,229.42
S2-F11-DB02-1113,13,NS-S2-F11-DBWG04,2,504.87
S2-F11-DB02-1114,14,NS-S2-F11-DBWG04,2,1181.54
S2-F11-DB02-1115,15,NS-S2-F11-DBWG04,2,1683.77
S2-F11-DB02-1116,16,NS-S2-F11-DBWG04,2,1030.52
S2-F11-DB02-1117,17,NS-S2-F11-DBWG04,2,801.2
S2-F11-DB02-1118,18,NS-S2-F11-DBWG04,2,329.07
S2-F11-DB02-1119,19,NS-S2-F11-DBWG04,2,1455.34
S2-F11-DB02-1120,20,NS-S2-F11-DBWG04,2,295.73
S2-F11-DB02-1121,21,NS-S2-F11-DBWG04,2,682.74
S2-F11-DB02-1122,22,NS-S2-F11-DBWG04,2,1554.63
S2-F11-DB02-1123,23,NS-S2-F11-DBWG04,2,577.82
S2-F11-DB02-1124,24,NS-S2-F11-DBWG04,2,213.65
S2-F11-DB03-1125,25,NS-S2-F11-DBWG04,2,767.59
S2-F11-DB03-1126,26,NS-S2-F11-DBWG04,2,1121.63
S2-F11-DB03-1127,27,NS-S2-F11-DBWG04,2,707.59
S2-F11-DB03-1128,28,NS-S2-F11-DBWG04,2,444.95
S2-F11-DB03-1129,29,NS-S2-F11-DBWG04,2,341.67
S2-F11-DB03-1130,30,NS-S2-F11-DBWG04,2,1259.52
S2-F11-DB03-1131,31,NS-S2-F11-DBWG04,2,1026.17
S2-F1-DB01-201,1,NS-S2-F2-DBWG01,1,2177.16
S2-F1-DB01-202,2,NS-S2-F2-DBWG01,1,520.76
S2-F1-DB01-203,3,NS-S2-F2-DBWG01,1,589.66
S2-F1-DB01-204,4,NS-S2-F2-DBWG01,1,706.12
S2-F1-DB01-205,5,NS-S2-F2-DBWG01,1,1635.71
S2-F1-DB01-206,6,NS-S2-F2-DBWG01,1,1056.38
S2-F1-DB01-207,7,NS-S2-F2-DBWG01,1,886.14
S2-F1-DB01-208,8,NS-S2-F2-DBWG01,1,293.25
S2-F1-DB01-209,9,NS-S2-F2-DBWG01,1,711.68
S2-F1-DB01-210,10,NS-S2-F2-DBWG01,1,819.2
S2-F2-DB01-201,1,NS-S2-F2-DBWG01,2,1624.37
S2-F2-DB01-202,2,NS-S2-F2-DBWG01,2,1581.44
S2-F2-DB01-203,3,NS-S2-F2-DBWG01,2,1402.89
S2-F2-DB01-204,4,NS-S2-F2-DBWG01,2,1748.51
S2-F2-DB01-205,5,NS-S2-F2-DBWG01,2,1262.1
S2-F2-DB01-206,6,NS-S2-F2-DBWG01,2,956.53
S2-F2-DB01-207,7,NS-S2-F2-DBWG01,2,1887.49
S2-F2-DB01-208,8,NS-S2-F2-DBWG01,2,1339.06
S2-F2-DB01-209,9,NS-S2-F2-DBWG01,2,2883.65
S2-F2-DB01-210,10,NS-S2-F2-DBWG01,2,1467.11
S2-F2-DB01-211,11,NS-S2-F2-DBWG01,2,1387.78
S2-F2-DB01-212,12,NS-S2-F2-DBWG01,2,1529.37
S2-F2-DB02-213,13,NS-S2-F2-DBWG01,2,1138.18
S2-F2-DB02-214,14,NS-S2-F2-DBWG01,2,1071.38
S2-F2-DB02-215,15,NS-S2-F2-DBWG01,2,1194.98
S2-F2-DB02-216,16,NS-S2-F2-DBWG01,2,1016.48
S2-F2-DB02-217,17,NS-S2-F2-DBWG01,2,1199.14
S2-F2-DB02-218,18,NS-S2-F2-DBWG01,2,238.1
S2-F2-DB02-219,19,NS-S2-F2-DBWG01,2,2466.33
S2-F2-DB02-220,20,NS-S2-F2-DBWG01,2,1469.43
S2-F2-DB02-221,21,NS-S2-F2-DBWG01,2,1113.7
S2-F2-DB02-222,22,NS-S2-F2-DBWG01,2,649.91
S2-F2-DB02-223,23,NS-S2-F2-DBWG01,2,1760.89
S2-F2-DB02-224,24,NS-S2-F2-DBWG01,2,815.12
S2-F2-DB03-225,25,NS-S2-F2-DBWG01,2,765.43
S2-F2-DB03-226,26,NS-S2-F2-DBWG01,2,1355.39
S2-F2-DB03-227,27,NS-S2-F2-DBWG01,2,2078.78
S2-F2-DB03-228,28,NS-S2-F2-DBWG01,2,2006.08
S2-F2-DB03-229,29,NS-S2-F2-DBWG01,2,309.85
S2-F2-DB03-230,30,NS-S2-F2-DBWG01,2,409.73
S2-F2-DB03-231,31,NS-S2-F2-DBWG01,2,944.98
S2-F3-DB01-301,1,NS-S2-F2-DBWG01,3,1527.31
S2-F3-DB01-302,2,NS-S2-F2-DBWG01,3,587.62
S2-F3-DB01-303,3,NS-S2-F2-DBWG01,3,1720.17
S2-F3-DB01-304,4,NS-S2-F2-DBWG01,3,1901.79
S2-F3-DB01-305,5,NS-S2-F2-DBWG01,3,985.47
S2-F3-DB01-306,6,NS-S2-F2-DBWG01,3,2027.6
S2-F3-DB01-307,7,NS-S2-F2-DBWG01,3,979.72
S2-F3-DB01-308,8,NS-S2-F2-DBWG01,3,1260.49
S2-F3-DB01-309,9,NS-S2-F2-DBWG01,3,1762.57
S2-F3-DB01-310,10,NS-S2-F2-DBWG01,3,2070.67
S2-F3-DB01-311,11,NS-S2-F2-DBWG01,3,1327.54
S2-F3-DB01-312,12,NS-S2-F2-DBWG01,3,1043.74
S2-F3-DB02-313,13,NS-S2-F2-DBWG01,3,2288.05
S2-F3-DB02-314,14,NS-S2-F2-DBWG01,3,1066.68
S2-F3-DB02-315,15,NS-S2-F2-DBWG01,3,1726.14
S2-F3-DB02-316,16,NS-S2-F2-DBWG01,3,1296.68
S2-F3-DB02-317,17,NS-S2-F2-DBWG01,3,1861.98
S2-F3-DB02-318,18,NS-S2-F2-DBWG01,3,2441.37
S2-F3-DB02-319,19,NS-S2-F2-DBWG01,3,1884.43
S2-F3-DB02-320,20,NS-S2-F2-DBWG01,3,344.01
S2-F3-DB02-321,21,NS-S2-F2-DBWG01,3,1578.65
S2-F3-DB02-322,22,NS-S2-F2-DBWG01,3,831.37
S2-F3-DB02-323,23,NS-S2-F2-DBWG01,3,1258.97
S2-F3-DB02-324,24,NS-S2-F2-DBWG01,3,1855.58
S2-F3-DB03-325,25,NS-S2-F2-DBWG01,3,989.55
S2-F3-DB03-326,26,NS-S2-F2-DBWG01,3,948.63
S2-F3-DB03-327,27,NS-S2-F2-DBWG01,3,1494.77
S2-F3-DB03-328,28,NS-S2-F2-DBWG01,3,1577.89
S2-F3-DB03-329,29,NS-S2-F2-DBWG01,3,1515.9
S2-F3-DB03-330,30,NS-S2-F2-DBWG01,3,1570.13
S2-F3-DB03-331,31,NS-S2-F2-DBWG01,3,1633.89
S2-F4-DB01-401,1,NS-S2-F2-DBWG02,1,1153.45
S2-F4-DB01-402,2,NS-S2-F2-DBWG02,1,1489.41
S2-F4-DB01-403,3,NS-S2-F2-DBWG02,1,1721.97
S2-F4-DB01-404,4,NS-S2-F2-DBWG02,1,1076.13
S2-F4-DB01-405,5,NS-S2-F2-DBWG02,1,1898.21
S2-F4-DB01-406,6,NS-S2-F2-DBWG02,1,916.93
S2-F4-DB01-407,7,NS-S2-F2-DBWG02,1,1342.03
S2-F4-DB01-408,8,NS-S2-F2-DBWG02,1,2969.3
S2-F4-DB01-409,9,NS-S2-F2-DBWG02,1,1094.72
S2-F4-DB01-410,10,NS-S2-F2-DBWG02,1,1422.29
S2-F4-DB01-411,11,NS-S2-F2-DBWG02,1,1050.78
S2-F4-DB01-412,12,NS-S2-F2-DBWG02,1,1373.83
S2-F4-DB02-413,13,NS-S2-F2-DBWG02,1,303.19
S2-F4-DB02-414,14,NS-S2-F2-DBWG02,1,2094.39
S2-F4-DB02-415,15,NS-S2-F2-DBWG02,1,1229.64
S2-F4-DB02-416,16,NS-S2-F2-DBWG02,1,1579.8
S2-F4-DB02-417,17,NS-S2-F2-DBWG02,1,640.98
S2-F4-DB02-418,18,NS-S2-F2-DBWG02,1,1598.63
S2-F4-DB02-419,19,NS-S2-F2-DBWG02,1,1745.4
S2-F4-DB02-420,20,NS-S2-F2-DBWG02,1,1178.64
S2-F4-DB02-421,21,NS-S2-F2-DBWG02,1,554.98
S2-F4-DB02-422,22,NS-S2-F2-DBWG02,1,709.81
S2-F4-DB02-423,23,NS-S2-F2-DBWG02,1,1116.48
S2-F4-DB02-424,24,NS-S2-F2-DBWG02,1,701.68
S2-F4-DB03-425,25,NS-S2-F2-DBWG02,1,1653.56
S2-F4-DB03-426,26,NS-S2-F2-DBWG02,1,1115.19
S2-F4-DB03-427,27,NS-S2-F2-DBWG02,1,1193.39
S2-F4-DB03-428,28,NS-S2-F2-DBWG02,1,1265.56
S2-F4-DB03-429,29,NS-S2-F2-DBWG02,1,1134.48
S2-F4-DB03-430,30,NS-S2-F2-DBWG02,1,1592.13
S2-F4-DB03-431,31,NS-S2-F2-DBWG02,1,2683.92
S2-F5-DB01-501,1,NS-S2-F2-DBWG02,2,743.63
S2-F5-DB01-502,2,NS-S2-F2-DBWG02,2,2204.26
S2-F5-DB01-503,3,NS-S2-F2-DBWG02,2,410.58
S2-F5-DB01-504,4,NS-S2-F2-DBWG02,2,1050.91
S2-F5-DB01-505,5,NS-S2-F2-DBWG02,2,545.95
S2-F5-DB01-506,6,NS-S2-F2-DBWG02,2,823.08
S2-F5-DB01-507,7,NS-S2-F2-DBWG02,2,549.24
S2-F5-DB01-508,8,NS-S2-F2-DBWG02,2,768.86
S2-F5-DB01-509,9,NS-S2-F2-DBWG02,2,764.57
S2-F5-DB01-510,10,NS-S2-F2-DBWG02,2,375.34
S2-F5-DB01-511,11,NS-S2-F2-DBWG02,2,559.85
S2-F5-DB01-512,12,NS-S2-F2-DBWG02,2,1286.01
S2-F5-DB02-513,13,NS-S2-F2-DBWG02,2,904.5
S2-F5-DB02-514,14,NS-S2-F2-DBWG02,2,293.8
S2-F5-DB02-515,15,NS-S2-F2-DBWG02,2,345.25
S2-F5-DB02-516,16,NS-S2-F2-DBWG02,2,301.83
S2-F5-DB02-517,17,NS-S2-F2-DBWG02,2,632
S2-F5-DB02-518,18,NS-S2-F2-DBWG02,2,731.25
S2-F5-DB02-519,19,NS-S2-F2-DBWG02,2,964.51
S2-F5-DB02-520,20,NS-S2-F2-DBWG02,2,774.31
S2-F5-DB02-521,21,NS-S2-F2-DBWG02,2,367.1
S2-F5-DB02-522,22,NS-S2-F2-DBWG02,2,748.93
S2-F5-DB02-523,23,NS-S2-F2-DBWG02,2,413.94
S2-F5-DB02-524,24,NS-S2-F2-DBWG02,2,555.62
S2-F5-DB03-525,25,NS-S2-F2-DBWG02,2,244.83
S2-F5-DB03-526,26,NS-S2-F2-DBWG02,2,758.76
S2-F5-DB03-527,27,NS-S2-F2-DBWG02,2,371.94
S2-F5-DB03-528,28,NS-S2-F2-DBWG02,2,385.51
S2-F5-DB03-529,29,NS-S2-F2-DBWG02,2,736.04
S2-F5-DB03-530,30,NS-S2-F2-DBWG02,2,858.62
S2-F5-DB03-531,31,NS-S2-F2-DBWG02,2,812.25
S2-F6-DB01-601,1,NS-S2-F2-DBWG02,3,1004.01
S2-F6-DB01-602,2,NS-S2-F2-DBWG02,3,843.61
S2-F6-DB01-603,3,NS-S2-F2-DBWG02,3,945.14
S2-F6-DB01-604,4,NS-S2-F2-DBWG02,3,1036.33
S2-F6-DB01-605,5,NS-S2-F2-DBWG02,3,2526.83
S2-F6-DB01-606,6,NS-S2-F2-DBWG02,3,873.2
S2-F6-DB01-607,7,NS-S2-F2-DBWG02,3,1535.78
S2-F6-DB01-608,8,NS-S2-F2-DBWG02,3,1183.09
S2-F6-DB01-609,9,NS-S2-F2-DBWG02,3,1481.39
S2-F6-DB01-610,10,NS-S2-F2-DBWG02,3,1094.9
S2-F6-DB01-611,11,NS-S2-F2-DBWG02,3,1637.42
S2-F6-DB01-612,12,NS-S2-F2-DBWG02,3,1441.7
S2-F6-DB02-613,13,NS-S2-F2-DBWG02,3,1897
S2-F6-DB02-614,14,NS-S2-F2-DBWG02,3,1764.44
S2-F6-DB02-615,15,NS-S2-F2-DBWG02,3,770.81
S2-F6-DB02-616,16,NS-S2-F2-DBWG02,3,1658.86
S2-F6-DB02-617,17,NS-S2-F2-DBWG02,3,715.35
S2-F6-DB02-618,18,NS-S2-F2-DBWG02,3,2010.91
S2-F6-DB02-619,19,NS-S2-F2-DBWG02,3,1192.95
S2-F6-DB02-620,20,NS-S2-F2-DBWG02,3,907.46
S2-F6-DB02-621,21,NS-S2-F2-DBWG02,3,1746.49
S2-F6-DB02-622,22,NS-S2-F2-DBWG02,3,591.31
S2-F6-DB02-623,23,NS-S2-F2-DBWG02,3,1074.38
S2-F6-DB02-624,24,NS-S2-F2-DBWG02,3,874.87
S2-F6-DB03-625,25,NS-S2-F2-DBWG02,3,1224.51
S2-F6-DB03-626,26,NS-S2-F2-DBWG02,3,1577.93
S2-F6-DB03-627,27,NS-S2-F2-DBWG02,3,845.94
S2-F6-DB03-628,28,NS-S2-F2-DBWG02,3,1135.02
S2-F6-DB03-629,29,NS-S2-F2-DBWG02,3,1182.01
S2-F6-DB03-630,30,NS-S2-F2-DBWG02,3,1086.44
S2-F6-DB03-631,31,NS-S2-F2-DBWG02,3,752.78
S2-F7-DB01-701,1,NS-S2-F2-DBWG03,1,1391.28
S2-F7-DB01-702,2,NS-S2-F2-DBWG03,1,1737.75
S2-F7-DB01-703,3,NS-S2-F2-DBWG03,1,2577.69
S2-F7-DB01-704,4,NS-S2-F2-DBWG03,1,2152.07
S2-F7-DB01-705,5,NS-S2-F2-DBWG03,1,997.02
S2-F7-DB01-706,6,NS-S2-F2-DBWG03,1,726.57
S2-F7-DB01-707,7,NS-S2-F2-DBWG03,1,1651.87
S2-F7-DB01-708,8,NS-S2-F2-DBWG03,1,624.97
S2-F7-DB01-709,9,NS-S2-F2-DBWG03,1,659.79
S2-F7-DB01-710,10,NS-S2-F2-DBWG03,1,1432.03
S2-F7-DB01-711,11,NS-S2-F2-DBWG03,1,1432.92
S2-F7-DB01-712,12,NS-S2-F2-DBWG03,1,577.78
S2-F7-DB02-713,13,NS-S2-F2-DBWG03,1,495.65
S2-F7-DB02-714,14,NS-S2-F2-DBWG03,1,1161.03
S2-F7-DB02-715,15,NS-S2-F2-DBWG03,1,1192.32
S2-F7-DB02-716,16,NS-S2-F2-DBWG03,1,1168.65
S2-F7-DB02-717,17,NS-S2-F2-DBWG03,1,741.22
S2-F7-DB02-718,18,NS-S2-F2-DBWG03,1,778.93
S2-F7-DB02-719,19,NS-S2-F2-DBWG03,1,1314.55
S2-F7-DB02-720,20,NS-S2-F2-DBWG03,1,811.02
S2-F7-DB02-721,21,NS-S2-F2-DBWG03,1,260.71
S2-F7-DB02-722,22,NS-S2-F2-DBWG03,1,1103.32
S2-F7-DB02-723,23,NS-S2-F2-DBWG03,1,1307.03
S2-F7-DB02-724,24,NS-S2-F2-DBWG03,1,951.58
S2-F7-DB03-725,25,NS-S2-F2-DBWG03,1,1341.2
S2-F7-DB03-726,26,NS-S2-F2-DBWG03,1,1136.25
S2-F7-DB03-727,27,NS-S2-F2-DBWG03,1,940.32
S2-F7-DB03-728,28,NS-S2-F2-DBWG03,1,442.45
S2-F7-DB03-729,29,NS-S2-F2-DBWG03,1,1482.31
S2-F7-DB03-730,30,NS-S2-F2-DBWG03,1,543.39
S2-F7-DB03-731,31,NS-S2-F2-DBWG03,1,623.89
S2-F8-DB01-801,1,NS-S2-F2-DBWG03,2,1460.49
S2-F8-DB01-802,2,NS-S2-F2-DBWG03,2,1063.19
S2-F8-DB01-803,3,NS-S2-F2-DBWG03,2,1686.94
S2-F8-DB01-804,4,NS-S2-F2-DBWG03,2,841.58
S2-F8-DB01-805,5,NS-S2-F2-DBWG03,2,1409.54
S2-F8-DB01-806,6,NS-S2-F2-DBWG03,2,1426.53
S2-F8-DB01-807,7,NS-S2-F2-DBWG03,2,1428.04
S2-F8-DB01-808,8,NS-S2-F2-DBWG03,2,1345.93
S2-F8-DB01-809,9,NS-S2-F2-DBWG03,2,695.16
S2-F8-DB01-810,10,NS-S2-F2-DBWG03,2,1056.57
S2-F8-DB01-811,11,NS-S2-F2-DBWG03,2,1495.67
S2-F8-DB01-812,12,NS-S2-F2-DBWG03,2,775.47
S2-F8-DB02-813,13,NS-S2-F2-DBWG03,2,918.71
S2-F8-DB02-814,14,NS-S2-F2-DBWG03,2,1442.97
S2-F8-DB02-815,15,NS-S2-F2-DBWG03,2,358.83
S2-F8-DB02-816,16,NS-S2-F2-DBWG03,2,978.32
S2-F8-DB02-817,17,NS-S2-F2-DBWG03,2,1235.68
S2-F8-DB02-818,18,NS-S2-F2-DBWG03,2,1776.08
S2-F8-DB02-819,19,NS-S2-F2-DBWG03,2,1381.59
S2-F8-DB02-820,20,NS-S2-F2-DBWG03,2,1257.23
S2-F8-DB02-821,21,NS-S2-F2-DBWG03,2,1346.93
S2-F8-DB02-822,22,NS-S2-F2-DBWG03,2,955.03
S2-F8-DB02-823,23,NS-S2-F2-DBWG03,2,686.73
S2-F8-DB02-824,24,NS-S2-F2-DBWG03,2,1108.05
S2-F8-DB03-825,25,NS-S2-F2-DBWG03,2,1067.56
S2-F8-DB03-826,26,NS-S2-F2-DBWG03,2,864.71
S2-F8-DB03-827,27,NS-S2-F2-DBWG03,2,1291.99
S2-F8-DB03-828,28,NS-S2-F2-DBWG03,2,1527.8
S2-F8-DB03-829,29,NS-S2-F2-DBWG03,2,771.52
S2-F8-DB03-830,30,NS-S2-F2-DBWG03,2,784
S2-F8-DB03-831,31,NS-S2-F2-DBWG03,2,2031.23
S2-F9-DB01-901,1,NS-S2-F2-DBWG03,3,1263.21
S2-F9-DB01-902,2,NS-S2-F2-DBWG03,3,1871.83
S2-F9-DB01-903,3,NS-S2-F2-DBWG03,3,691.73
S2-F9-DB01-904,4,NS-S2-F2-DBWG03,3,804.44
S2-F9-DB01-905,5,NS-S2-F2-DBWG03,3,922.19
S2-F9-DB01-906,6,NS-S2-F2-DBWG03,3,445.63
S2-F9-DB01-907,7,NS-S2-F2-DBWG03,3,842.32
S2-F9-DB01-908,8,NS-S2-F2-DBWG03,3,1720.55
S2-F9-DB01-909,9,NS-S2-F2-DBWG03,3,1344.95
S2-F9-DB01-910,10,NS-S2-F2-DBWG03,3,1586.91
S2-F9-DB01-911,11,NS-S2-F2-DBWG03,3,1314.72
S2-F9-DB01-912,12,NS-S2-F2-DBWG03,3,853.91
S2-F9-DB02-913,13,NS-S2-F2-DBWG03,3,1746.51
S2-F9-DB02-914,14,NS-S2-F2-DBWG03,3,518.28
S2-F9-DB02-915,15,NS-S2-F2-DBWG03,3,1393.48
S2-F9-DB02-916,16,NS-S2-F2-DBWG03,3,1327.32
S2-F9-DB02-917,17,NS-S2-F2-DBWG03,3,616.57
S2-F9-DB02-918,18,NS-S2-F2-DBWG03,3,1307.37
S2-F9-DB02-919,19,NS-S2-F2-DBWG03,3,625.87
S2-F9-DB02-920,20,NS-S2-F2-DBWG03,3,604.18
S2-F9-DB02-921,21,NS-S2-F2-DBWG03,3,1079.24
S2-F9-DB02-922,22,NS-S2-F2-DBWG03,3,708.06
S2-F9-DB02-923,23,NS-S2-F2-DBWG03,3,2259.64
S2-F9-DB02-924,24,NS-S2-F2-DBWG03,3,2124.51
S2-F9-DB03-925,25,NS-S2-F2-DBWG03,3,465.52
S2-F9-DB03-926,26,NS-S2-F2-DBWG03,3,1468.59
S2-F9-DB03-927,27,NS-S2-F2-DBWG03,3,715.49
S2-F9-DB03-928,28,NS-S2-F2-DBWG03,3,1575.69
S2-F9-DB03-929,29,NS-S2-F2-DBWG03,3,910.14
S2-F9-DB03-930,30,NS-S2-F2-DBWG03,3,679.24
S2-F9-DB03-931,31,NS-S2-F2-DBWG03,3,1649.37
S3-F1-DB01-101,1,NS-S3-F2-DBWG01,1,1256.86
S3-F1-DB01-102,2,NS-S3-F2-DBWG01,1,2198.29
S3-F1-DB01-103,3,NS-S3-F2-DBWG01,1,1218.19
S3-F1-DB01-104,4,NS-S3-F2-DBWG01,1,2493.03
S3-F1-DB01-105,5,NS-S3-F2-DBWG01,1,1233.93
S3-F1-DB01-106,6,NS-S3-F2-DBWG01,1,1053.59
S3-F1-DB01-107,7,NS-S3-F2-DBWG01,1,273.41
S3-F1-DB01-108,8,NS-S3-F2-DBWG01,1,286.21
S3-F1-DB01-109,9,NS-S3-F2-DBWG01,1,956.16
S3-F1-DB01-110,10,NS-S3-F2-DBWG01,1,380.64
S3-F1-DB01-111,11,NS-S3-F2-DBWG01,1,2568.1
S3-F1-DB01-112,12,NS-S3-F2-DBWG01,1,851.71
S3-F1-DB02-113,13,NS-S3-F2-DBWG01,1,270.82
S3-F1-DB02-114,14,NS-S3-F2-DBWG01,1,1032.44
S3-F1-DB02-115,15,NS-S3-F2-DBWG01,1,672.02
S3-F1-DB02-116,16,NS-S3-F2-DBWG01,1,1157.61
S3-F2-DB01-201,1,NS-S3-F2-DBWG01,2,201.41
S3-F2-DB01-202,2,NS-S3-F2-DBWG01,2,451.77
S3-F2-DB01-203,3,NS-S3-F2-DBWG01,2,2051.55
S3-F2-DB01-204,4,NS-S3-F2-DBWG01,2,1266.25
S3-F2-DB01-205,5,NS-S3-F2-DBWG01,2,831.41
S3-F2-DB01-206,6,NS-S3-F2-DBWG01,2,490.41
S3-F2-DB01-207,7,NS-S3-F2-DBWG01,2,1125.6
S3-F2-DB01-208,8,NS-S3-F2-DBWG01,2,1955.92
S3-F2-DB01-209,9,NS-S3-F2-DBWG01,2,283.29
S3-F2-DB01-210,10,NS-S3-F2-DBWG01,2,478.15
S3-F2-DB01-211,11,NS-S3-F2-DBWG01,2,245.55
S3-F2-DB01-212,12,NS-S3-F2-DBWG01,2,1103.9
S3-F2-DB02-213,13,NS-S3-F2-DBWG01,2,307.47
S3-F2-DB02-214,14,NS-S3-F2-DBWG01,2,429.91
S3-F2-DB02-215,15,NS-S3-F2-DBWG01,2,1086.08
S3-F2-DB02-216,16,NS-S3-F2-DBWG01,2,878.23
S3-F2-DB02-217,17,NS-S3-F2-DBWG01,2,966.97
S3-F2-DB02-218,18,NS-S3-F2-DBWG01,2,1656.97
S3-F2-DB02-219,19,NS-S3-F2-DBWG01,2,1914.89
S3-F2-DB02-220,20,NS-S3-F2-DBWG01,2,416.24
S3-F2-DB02-221,21,NS-S3-F2-DBWG01,2,279.62
S3-F2-DB02-222,22,NS-S3-F2-DBWG01,2,483.48
S3-F2-DB02-223,23,NS-S3-F2-DBWG01,2,1243.44
S3-F2-DB02-224,24,NS-S3-F2-DBWG01,2,1347.74
S3-F2-DB03-225,25,NS-S3-F2-DBWG01,2,1203.04
S3-F2-DB03-226,26,NS-S3-F2-DBWG01,2,1431
S3-F2-DB03-227,27,NS-S3-F2-DBWG01,2,1137.58
S3-F2-DB03-228,28,NS-S3-F2-DBWG01,2,829.84
S3-F2-DB03-229,29,NS-S3-F2-DBWG01,2,938.22
S3-F2-DB03-230,30,NS-S3-F2-DBWG01,2,1105.65
S3-F2-DB03-231,31,NS-S3-F2-DBWG01,2,1506.34
S3-F3-DB01-301,1,NS-S3-F2-DBWG01,3,1377.27
S3-F3-DB01-302,2,NS-S3-F2-DBWG01,3,449.53
S3-F3-DB01-303,3,NS-S3-F2-DBWG01,3,297.02
S3-F3-DB01-304,4,NS-S3-F2-DBWG01,3,285.14
S3-F3-DB01-305,5,NS-S3-F2-DBWG01,3,1302.02
S3-F3-DB01-306,6,NS-S3-F2-DBWG01,3,1017.32
S3-F3-DB01-307,7,NS-S3-F2-DBWG01,3,2269.91
S3-F3-DB01-308,8,NS-S3-F2-DBWG01,3,1311.69
S3-F3-DB01-309,9,NS-S3-F2-DBWG01,3,1069.37
S3-F3-DB01-310,10,NS-S3-F2-DBWG01,3,490.4
S3-F3-DB01-311,11,NS-S3-F2-DBWG01,3,1080.35
S3-F3-DB01-312,12,NS-S3-F2-DBWG01,3,1244.82
S3-F3-DB02-313,13,NS-S3-F2-DBWG01,3,325.95
S3-F3-DB02-314,14,NS-S3-F2-DBWG01,3,1150.12
S3-F3-DB02-315,15,NS-S3-F2-DBWG01,3,719.77
S3-F3-DB02-316,16,NS-S3-F2-DBWG01,3,732.26
S3-F3-DB02-317,17,NS-S3-F2-DBWG01,3,462.62
S3-F3-DB02-318,18,NS-S3-F2-DBWG01,3,1313.57
S3-F3-DB02-319,19,NS-S3-F2-DBWG01,3,1097.13
S3-F3-DB02-320,20,NS-S3-F2-DBWG01,3,1596.56
S3-F3-DB02-321,21,NS-S3-F2-DBWG01,3,552.87
S3-F3-DB02-322,22,NS-S3-F2-DBWG01,3,1447.87
S3-F3-DB02-323,23,NS-S3-F2-DBWG01,3,705.37
S3-F3-DB02-324,24,NS-S3-F2-DBWG01,3,223.59
S3-F3-DB03-325,25,NS-S3-F2-DBWG01,3,431.2
S3-F3-DB03-326,26,NS-S3-F2-DBWG01,3,1995.76
S3-F3-DB03-327,27,NS-S3-F2-DBWG01,3,669.54
S3-F3-DB03-328,28,NS-S3-F2-DBWG01,3,853.54
S3-F3-DB03-329,29,NS-S3-F2-DBWG01,3,293.46
S3-F3-DB03-330,30,NS-S3-F2-DBWG01,3,1143.56
S3-F3-DB03-331,31,NS-S3-F2-DBWG01,3,1555.92
S3-F4-DB01-401,1,NS-S3-F2-DBWG02,1,865.19
S3-F4-DB01-402,2,NS-S3-F2-DBWG02,1,1.00E+03
S3-F4-DB01-403,3,NS-S3-F2-DBWG02,1,1145.38
S3-F4-DB01-404,4,NS-S3-F2-DBWG02,1,1451.38
S3-F4-DB01-405,5,NS-S3-F2-DBWG02,1,93.6
S3-F4-DB01-406,6,NS-S3-F2-DBWG02,1,641.96
S3-F4-DB01-407,7,NS-S3-F2-DBWG02,1,745.37
S3-F4-DB01-408,8,NS-S3-F2-DBWG02,1,557.83
S3-F4-DB01-409,9,NS-S3-F2-DBWG02,1,391.61
S3-F4-DB01-410,10,NS-S3-F2-DBWG02,1,951.78
S3-F4-DB01-411,11,NS-S3-F2-DBWG02,1,1426.79
S3-F4-DB01-412,12,NS-S3-F2-DBWG02,1,95.7
S3-F4-DB02-413,13,NS-S3-F2-DBWG02,1,307.03
S3-F4-DB02-414,14,NS-S3-F2-DBWG02,1,876.78
S3-F4-DB02-415,15,NS-S3-F2-DBWG02,1,91.48
S3-F4-DB02-416,16,NS-S3-F2-DBWG02,1,233.91
S3-F4-DB02-417,17,NS-S3-F2-DBWG02,1,440.69
S3-F4-DB02-418,18,NS-S3-F2-DBWG02,1,293.08
S3-F4-DB02-419,19,NS-S3-F2-DBWG02,1,828.31
S3-F4-DB02-420,20,NS-S3-F2-DBWG02,1,967.67
S3-F4-DB02-421,21,NS-S3-F2-DBWG02,1,388.83
S3-F4-DB02-422,22,NS-S3-F2-DBWG02,1,284.96
S3-F4-DB02-423,23,NS-S3-F2-DBWG02,1,385.5
S3-F4-DB02-424,24,NS-S3-F2-DBWG02,1,1071.13
S3-F4-DB03-425,25,NS-S3-F2-DBWG02,1,936.19
S3-F4-DB03-426,26,NS-S3-F2-DBWG02,1,117.67
S3-F4-DB03-427,27,NS-S3-F2-DBWG02,1,387.66
S3-F4-DB03-428,28,NS-S3-F2-DBWG02,1,948.21
S3-F4-DB03-429,29,NS-S3-F2-DBWG02,1,1066.23
S3-F4-DB03-430,30,NS-S3-F2-DBWG02,1,1108.78
S3-F4-DB03-431,31,NS-S3-F2-DBWG02,1,1301.01
S3-F5-DB01-501,1,NS-S3-F2-DBWG02,2,1104.42
S3-F5-DB01-502,2,NS-S3-F2-DBWG02,2,1702.24
S3-F5-DB01-503,3,NS-S3-F2-DBWG02,2,806.5
S3-F5-DB01-504,4,NS-S3-F2-DBWG02,2,595.4
S3-F5-DB01-505,5,NS-S3-F2-DBWG02,2,1022.66
S3-F5-DB01-506,6,NS-S3-F2-DBWG02,2,556.87
S3-F5-DB01-507,7,NS-S3-F2-DBWG02,2,2146.66
S3-F5-DB01-508,8,NS-S3-F2-DBWG02,2,905.65
S3-F5-DB01-509,9,NS-S3-F2-DBWG02,2,401.96
S3-F5-DB01-510,10,NS-S3-F2-DBWG02,2,970.53
S3-F5-DB01-511,11,NS-S3-F2-DBWG02,2,903.55
S3-F5-DB01-512,12,NS-S3-F2-DBWG02,2,1160.96
S3-F5-DB02-513,13,NS-S3-F2-DBWG02,2,1421.2
S3-F5-DB02-514,14,NS-S3-F2-DBWG02,2,982.86
S3-F5-DB02-515,15,NS-S3-F2-DBWG02,2,697.15
S3-F5-DB02-516,16,NS-S3-F2-DBWG02,2,1249.21
S3-F5-DB02-517,17,NS-S3-F2-DBWG02,2,1107.85
S3-F5-DB02-518,18,NS-S3-F2-DBWG02,2,1055.31
S3-F5-DB02-519,19,NS-S3-F2-DBWG02,2,444.19
S3-F5-DB02-520,20,NS-S3-F2-DBWG02,2,727.8
S3-F5-DB02-521,21,NS-S3-F2-DBWG02,2,1661.92
S3-F5-DB02-522,22,NS-S3-F2-DBWG02,2,529.99
S3-F5-DB02-523,23,NS-S3-F2-DBWG02,2,1078.63
S3-F5-DB02-524,24,NS-S3-F2-DBWG02,2,206.01
S3-F5-DB03-525,25,NS-S3-F2-DBWG02,2,562.06
S3-F5-DB03-526,26,NS-S3-F2-DBWG02,2,924.87
S3-F5-DB03-527,27,NS-S3-F2-DBWG02,2,1143.71
S3-F5-DB03-528,28,NS-S3-F2-DBWG02,2,446.09
S3-F5-DB03-529,29,NS-S3-F2-DBWG02,2,1114.56
S3-F5-DB03-530,30,NS-S3-F2-DBWG02,2,1032.3
S3-F5-DB03-531,31,NS-S3-F2-DBWG02,2,943.84
S3-F6-DB01-601,1,NS-S3-F2-DBWG02,3,763.27
S3-F6-DB01-602,2,NS-S3-F2-DBWG02,3,1398.71
S3-F6-DB01-603,3,NS-S3-F2-DBWG02,3,997.41
S3-F6-DB01-604,4,NS-S3-F2-DBWG02,3,1444.73
S3-F6-DB01-605,5,NS-S3-F2-DBWG02,3,1385.8
S3-F6-DB01-606,6,NS-S3-F2-DBWG02,3,770.87
S3-F6-DB01-607,7,NS-S3-F2-DBWG02,3,971.3
S3-F6-DB01-608,8,NS-S3-F2-DBWG02,3,1084.44
S3-F6-DB01-609,9,NS-S3-F2-DBWG02,3,2556.91
S3-F6-DB01-610,10,NS-S3-F2-DBWG02,3,977.68
S3-F6-DB01-611,11,NS-S3-F2-DBWG02,3,461.36
S3-F6-DB01-612,12,NS-S3-F2-DBWG02,3,1511.12
S3-F6-DB02-613,13,NS-S3-F2-DBWG02,3,769.14
S3-F6-DB02-614,14,NS-S3-F2-DBWG02,3,741.36
S3-F6-DB02-615,15,NS-S3-F2-DBWG02,3,1038.02
S3-F6-DB02-616,16,NS-S3-F2-DBWG02,3,1391.8
S3-F6-DB02-617,17,NS-S3-F2-DBWG02,3,1510.14
S3-F6-DB02-618,18,NS-S3-F2-DBWG02,3,1868.37
S3-F6-DB02-619,19,NS-S3-F2-DBWG02,3,1117.79
S3-F6-DB02-620,20,NS-S3-F2-DBWG02,3,1320.58
S3-F6-DB02-621,21,NS-S3-F2-DBWG02,3,541.3
S3-F6-DB02-622,22,NS-S3-F2-DBWG02,3,179.43
S3-F6-DB02-623,23,NS-S3-F2-DBWG02,3,1303.19
S3-F6-DB02-624,24,NS-S3-F2-DBWG02,3,1036.81
S3-F6-DB03-625,25,NS-S3-F2-DBWG02,3,710.55
S3-F6-DB03-626,26,NS-S3-F2-DBWG02,3,1154.99
S3-F6-DB03-627,27,NS-S3-F2-DBWG02,3,591.46
S3-F6-DB03-628,28,NS-S3-F2-DBWG02,3,1253.32
S3-F6-DB03-629,29,NS-S3-F2-DBWG02,3,1276.82
S3-F6-DB03-630,30,NS-S3-F2-DBWG02,3,1559.29
S3-F6-DB03-631,31,NS-S3-F2-DBWG02,3,1388.69
S3-F7-DB01-701,1,NS-S3-F2-DBWG03,1,1708.9
S3-F7-DB01-702,2,NS-S3-F2-DBWG03,1,144.38
S3-F7-DB01-703,3,NS-S3-F2-DBWG03,1,834.1
S3-F7-DB01-704,4,NS-S3-F2-DBWG03,1,117.1
S3-F7-DB01-705,5,NS-S3-F2-DBWG03,1,110.8
S3-F7-DB01-706,6,NS-S3-F2-DBWG03,1,839.46
S3-F7-DB01-707,7,NS-S3-F2-DBWG03,1,136.63
S3-F7-DB01-708,8,NS-S3-F2-DBWG03,1,68.64
S3-F7-DB01-709,9,NS-S3-F2-DBWG03,1,672.02
S3-F7-DB01-710,10,NS-S3-F2-DBWG03,1,101.58
S3-F7-DB01-711,11,NS-S3-F2-DBWG03,1,203.27
S3-F7-DB01-712,12,NS-S3-F2-DBWG03,1,232.05
S3-F7-DB02-713,13,NS-S3-F2-DBWG03,1,1372.34
S3-F7-DB02-714,14,NS-S3-F2-DBWG03,1,69.6
S3-F7-DB02-715,15,NS-S3-F2-DBWG03,1,466.43
S3-F7-DB02-716,16,NS-S3-F2-DBWG03,1,268.86
S3-F7-DB02-717,17,NS-S3-F2-DBWG03,1,240.09
S3-F7-DB02-718,18,NS-S3-F2-DBWG03,1,492.89
S3-F7-DB02-719,19,NS-S3-F2-DBWG03,1,826.71
S3-F7-DB02-720,20,NS-S3-F2-DBWG03,1,683.15
S3-F7-DB02-721,21,NS-S3-F2-DBWG03,1,484.37
S3-F7-DB02-722,22,NS-S3-F2-DBWG03,1,534.92
S3-F8-DB01-801,1,NS-S3-F2-DBWG03,2,582.9
S3-F8-DB01-802,2,NS-S3-F2-DBWG03,2,356.05
S3-F8-DB01-803,3,NS-S3-F2-DBWG03,2,1873.16
S3-F8-DB01-804,4,NS-S3-F2-DBWG03,2,272.06
S3-F8-DB01-805,5,NS-S3-F2-DBWG03,2,382.87
S3-F8-DB01-806,6,NS-S3-F2-DBWG03,2,641.46
S3-F8-DB01-807,7,NS-S3-F2-DBWG03,2,1051.91
S3-F8-DB01-808,8,NS-S3-F2-DBWG03,2,607.9
S3-F8-DB01-809,9,NS-S3-F2-DBWG03,2,398.71
S3-F8-DB01-810,10,NS-S3-F2-DBWG03,2,436.99
S3-F8-DB01-811,11,NS-S3-F2-DBWG03,2,585.22
S3-F8-DB01-812,12,NS-S3-F2-DBWG03,2,741.65
S3-F8-DB02-813,13,NS-S3-F2-DBWG03,2,501.88
S3-F8-DB02-814,14,NS-S3-F2-DBWG03,2,609.71
S3-F8-DB02-815,15,NS-S3-F2-DBWG03,2,928.54
S3-F8-DB02-816,16,NS-S3-F2-DBWG03,2,274.49
S3-F8-DB02-817,17,NS-S3-F2-DBWG03,2,244.51
S3-F8-DB02-818,18,NS-S3-F2-DBWG03,2,244.11
S3-F8-DB02-819,19,NS-S3-F2-DBWG03,2,228.26
S3-F8-DB02-820,20,NS-S3-F2-DBWG03,2,360.07
S3-F8-DB02-821,21,NS-S3-F2-DBWG03,2,1204.5
S3-F8-DB02-822,22,NS-S3-F2-DBWG03,2,424.02
S3-F8-DB02-823,23,NS-S3-F2-DBWG03,2,1725.1
S3-F8-DB02-824,24,NS-S3-F2-DBWG03,2,612.9
S3-F8-DB03-825,25,NS-S3-F2-DBWG03,2,1795.37
S3-F8-DB03-826,26,NS-S3-F2-DBWG03,2,1333.21
S3-F8-DB03-827,27,NS-S3-F2-DBWG03,2,354.2
S3-F8-DB03-828,28,NS-S3-F2-DBWG03,2,148.67
S3-F8-DB03-829,29,NS-S3-F2-DBWG03,2,494.52
S3-F8-DB03-830,30,NS-S3-F2-DBWG03,2,1164.06
S3-F8-DB03-831,31,NS-S3-F2-DBWG03,2,335.57
S3-F9-DB01-901,1,NS-S3-F2-DBWG03,3,375.08
S3-F9-DB01-902,2,NS-S3-F2-DBWG03,3,1319.4
S3-F9-DB01-903,3,NS-S3-F2-DBWG03,3,809.78
S3-F9-DB01-904,4,NS-S3-F2-DBWG03,3,1443.19
S3-F9-DB01-905,5,NS-S3-F2-DBWG03,3,1504.65
S3-F9-DB01-906,6,NS-S3-F2-DBWG03,3,1605.32
S3-F9-DB01-907,7,NS-S3-F2-DBWG03,3,333.57
S3-F9-DB01-908,8,NS-S3-F2-DBWG03,3,492.94
S3-F9-DB01-909,9,NS-S3-F2-DBWG03,3,875
S3-F9-DB01-910,10,NS-S3-F2-DBWG03,3,124.74
S3-F9-DB01-911,11,NS-S3-F2-DBWG03,3,1647.21
S3-F9-DB01-912,12,NS-S3-F2-DBWG03,3,185.29
S3-F9-DB02-913,13,NS-S3-F2-DBWG03,3,566.69
S3-F9-DB02-914,14,NS-S3-F2-DBWG03,3,1387.67
S3-F9-DB02-915,15,NS-S3-F2-DBWG03,3,1383.47
S3-F9-DB02-916,16,NS-S3-F2-DBWG03,3,1035.45
S3-F9-DB02-917,17,NS-S3-F2-DBWG03,3,758.39
S3-F9-DB02-918,18,NS-S3-F2-DBWG03,3,898.44
S3-F9-DB02-919,19,NS-S3-F2-DBWG03,3,1294.85
S3-F9-DB02-920,20,NS-S3-F2-DBWG03,3,803.08
S3-F9-DB02-921,21,NS-S3-F2-DBWG03,3,583.83
S3-F9-DB02-922,22,NS-S3-F2-DBWG03,3,156.72
S3-F9-DB02-923,23,NS-S3-F2-DBWG03,3,1326.61
S3-F9-DB02-924,24,NS-S3-F2-DBWG03,3,1278.69
S3-F9-DB03-925,25,NS-S3-F2-DBWG03,3,345.5
S3-F9-DB03-926,26,NS-S3-F2-DBWG03,3,960.24
S3-F9-DB03-927,27,NS-S3-F2-DBWG03,3,570.62
S3-F9-DB03-928,28,NS-S3-F2-DBWG03,3,1754.38
S3-F9-DB03-929,29,NS-S3-F2-DBWG03,3,1201.44
S3-F9-DB03-930,30,NS-S3-F2-DBWG03,3,889.43
S3-F9-DB03-931,31,NS-S3-F2-DBWG03,3,1286.7
S3-F10-DB01-1001,1,NS-S3-F2-DBWG04,1,1064.43
S3-F10-DB01-1002,2,NS-S3-F2-DBWG04,1,247.81
S3-F10-DB01-1003,3,NS-S3-F2-DBWG04,1,1360.13
S3-F10-DB01-1004,4,NS-S3-F2-DBWG04,1,1436.74
S3-F10-DB01-1005,5,NS-S3-F2-DBWG04,1,328.09
S3-F10-DB01-1006,6,NS-S3-F2-DBWG04,1,322.97
S3-F10-DB01-1007,7,NS-S3-F2-DBWG04,1,208.11
S3-F10-DB01-1008,8,NS-S3-F2-DBWG04,1,1179
S3-F10-DB01-1009,9,NS-S3-F2-DBWG04,1,576.14
S3-F10-DB01-1010,10,NS-S3-F2-DBWG04,1,836.98
S3-F10-DB01-1011,11,NS-S3-F2-DBWG04,1,1513.86
S3-F10-DB01-1012,12,NS-S3-F2-DBWG04,1,847.3
S3-F10-DB02-1013,13,NS-S3-F2-DBWG04,1,2058.6
S3-F10-DB02-1014,14,NS-S3-F2-DBWG04,1,777.4
S3-F10-DB02-1015,15,NS-S3-F2-DBWG04,1,867.96
S3-F10-DB02-1016,16,NS-S3-F2-DBWG04,1,1797.34
S3-F10-DB02-1017,17,NS-S3-F2-DBWG04,1,1682.34
S3-F10-DB02-1018,18,NS-S3-F2-DBWG04,1,2121.47
S3-F10-DB02-1019,19,NS-S3-F2-DBWG04,1,1172.83
S3-F10-DB02-1020,20,NS-S3-F2-DBWG04,1,680.71
S3-F10-DB02-1021,21,NS-S3-F2-DBWG04,1,877.63
S3-F10-DB02-1022,22,NS-S3-F2-DBWG04,1,689.83
S3-F10-DB02-1023,23,NS-S3-F2-DBWG04,1,1078.52
S3-F10-DB02-1024,24,NS-S3-F2-DBWG04,1,618.09
S3-F10-DB03-1025,25,NS-S3-F2-DBWG04,1,391.31
S3-F10-DB03-1026,26,NS-S3-F2-DBWG04,1,753.79
S3-F10-DB03-1027,27,NS-S3-F2-DBWG04,1,1327.66
S3-F10-DB03-1028,28,NS-S3-F2-DBWG04,1,183.03
S3-F10-DB03-1029,29,NS-S3-F2-DBWG04,1,719.56
S3-F10-DB03-1030,30,NS-S3-F2-DBWG04,1,63.81
S3-F10-DB03-1031,31,NS-S3-F2-DBWG04,1,900.67
S3-F11-DB01-1101,1,NS-S3-F2-DBWG04,2,365.91
S3-F11-DB01-1102,2,NS-S3-F2-DBWG04,2,648.96
S3-F11-DB01-1103,3,NS-S3-F2-DBWG04,2,320.97
S3-F11-DB01-1104,4,NS-S3-F2-DBWG04,2,388.42
S3-F11-DB01-1105,5,NS-S3-F2-DBWG04,2,293.67
S3-F11-DB01-1106,6,NS-S3-F2-DBWG04,2,215.73
S3-F11-DB01-1107,7,NS-S3-F2-DBWG04,2,246.61
S3-F11-DB01-1108,8,NS-S3-F2-DBWG04,2,165.52
S3-F11-DB01-1109,9,NS-S3-F2-DBWG04,2,338.77
S3-F11-DB01-1110,10,NS-S3-F2-DBWG04,2,398.57
S3-F11-DB01-1111,11,NS-S3-F2-DBWG04,2,255.46
S3-F11-DB01-1112,12,NS-S3-F2-DBWG04,2,314.73
S3-F11-DB02-1113,13,NS-S3-F2-DBWG04,2,407.99
S3-F11-DB02-1114,14,NS-S3-F2-DBWG04,2,443.92
S3-F11-DB02-1115,15,NS-S3-F2-DBWG04,2,185.7
S3-F11-DB02-1116,16,NS-S3-F2-DBWG04,2,222.39
S3-F11-DB02-1117,17,NS-S3-F2-DBWG04,2,748.28
S3-F11-DB02-1118,18,NS-S3-F2-DBWG04,2,257.29
S3-F11-DB02-1119,19,NS-S3-F2-DBWG04,2,471.23
S3-F11-DB02-1120,20,NS-S3-F2-DBWG04,2,320.56
S3-F11-DB02-1121,21,NS-S3-F2-DBWG04,2,385.7
S3-F11-DB02-1122,22,NS-S3-F2-DBWG04,2,642.03
S3-F11-DB02-1123,23,NS-S3-F2-DBWG04,2,232.21
S3-F11-DB02-1124,24,NS-S3-F2-DBWG04,2,652.05
S3-F11-DB03-1125,25,NS-S3-F2-DBWG04,2,1371.07
S3-F11-DB03-1126,26,NS-S3-F2-DBWG04,2,408.98
S3-F11-DB03-1127,27,NS-S3-F2-DBWG04,2,431.72
S3-F11-DB03-1128,28,NS-S3-F2-DBWG04,2,635.96
S3-F11-DB03-1129,29,NS-S3-F2-DBWG04,2,476.23
S3-F11-DB03-1130,30,NS-S3-F2-DBWG04,2,403.21
S3-F11-DB03-1131,31,NS-S3-F2-DBWG04,2,325.37
