表serial,水表地址,网关serial,总线(ch),累计流量(m³)
S1_602_RSB,24091796,NS-S1-F2-SBWG01,1,
S1_601_RSB,24091799,NS-S1-F2-SBWG01,1,
S1_602_LSB,250910336,NS-S1-F2-SBWG01,1,
S1_1101_LSB,250910339,NS-S1-F2-SBWG01,1,
S1_601_LSB,250910347,NS-S1-F2-SBWG01,1,
S1_302_LSB,250910423,NS-S1-F2-SBWG01,1,
S1_1102_LSB,250910487,NS-S1-F2-SBWG01,1,
S1_702_LSB,250910573,NS-S1-F2-SBWG01,1,
S1_202_LSB,250910581,NS-S1-F2-SBWG01,1,
S1_1001_LSB,250910601,NS-S1-F2-SBWG01,1,
S1_1002_LSB,250910758,NS-S1-F2-SBWG01,1,
S1_401_LSB,250910813,NS-S1-F2-SBWG01,1,
S1_902_LSB,250910866,NS-S1-F2-SBWG01,1,
S1_701_LSB,250910870,NS-S1-F2-SBWG01,1,
S1_201_LSB,250911078,NS-S1-F2-SBWG01,1,
S1_801_LSB,250911096,NS-S1-F2-SBWG01,1,
S1_501_LSB,250911127,NS-S1-F2-SBWG01,1,
S1_901_LSB,250911165,NS-S1-F2-SBWG01,1,
S1_502_LSB,250911193,NS-S1-F2-SBWG01,1,
S1_802_LSB,250911218,NS-S1-F2-SBWG01,1,
S1_402_LSB,250911265,NS-S1-F2-SBWG01,1,
S1_301_LSB,250911279,NS-S1-F2-SBWG01,1,
S1_402_RSB,250911748,NS-S1-F2-SBWG01,1,
S1_902_RSB,250911781,NS-S1-F2-SBWG01,1,
S1_702_RSB,250911847,NS-S1-F2-SBWG01,1,
S1_1001_RSB,250912467,NS-S1-F2-SBWG01,1,
S1_202_RSB,250912611,NS-S1-F2-SBWG01,1,
S1_301_RSB,250912624,NS-S1-F2-SBWG01,1,
S1_101_RSB,250912643,NS-S1-F2-SBWG01,1,
S1_102_RSB,250912648,NS-S1-F2-SBWG01,1,
S1_201_RSB,250912674,NS-S1-F2-SBWG01,1,
S1_701_RSB,250912681,NS-S1-F2-SBWG01,1,
S1_302_RSB,250912737,NS-S1-F2-SBWG01,1,
S1_501_RSB,250912901,NS-S1-F2-SBWG01,1,
S1_502_RSB,250912946,NS-S1-F2-SBWG01,1,
S1_401_RSB,250912959,NS-S1-F2-SBWG01,1,
S1_901_RSB,250912994,NS-S1-F2-SBWG01,1,
S1_1101_RSB,2508010036,NS-S1-F2-SBWG01,1,
S1_1102_RSB,2508010051,NS-S1-F2-SBWG01,1,
S1_1002_RSB,2508010725,NS-S1-F2-SBWG01,1,
S1_101_LSB,2508010864,NS-S1-F2-SBWG01,1,
S1_102_LSB,2508010874,NS-S1-F2-SBWG01,1,
S1_802_RSB,2508010969,NS-S1-F2-SBWG01,1,
S1_801_RSB,2508010980,NS-S1-F2-SBWG01,1,
S1_208_LSB,250910314,NS-S1-F2-SBWG01,2,12
S1_1008_LSB,250910350,NS-S1-F2-SBWG01,2,34
S1_207_LSB,250910395,NS-S1-F2-SBWG01,2,39
S1_807_LSB,250910420,NS-S1-F2-SBWG01,2,38
S1_607_LSB,250910491,NS-S1-F2-SBWG01,2,34
S1_608_LSB,250910511,NS-S1-F2-SBWG01,2,29
S1_908_LSB,250910593,NS-S1-F2-SBWG01,2,40
S1_907_LSB,250910597,NS-S1-F2-SBWG01,2,24
S1_1007_LSB,250910641,NS-S1-F2-SBWG01,2,28
S1_308_LSB,250910714,NS-S1-F2-SBWG01,2,42
S1_1107_LSB,250910755,NS-S1-F2-SBWG01,2,37
S1_307_LSB,250910804,NS-S1-F2-SBWG01,2,52
S1_707_LSB,250910903,NS-S1-F2-SBWG01,2,
S1_107_LSB,250910961,NS-S1-F2-SBWG01,2,66
S1_808_LSB,250910991,NS-S1-F2-SBWG01,2,30
S1_106_LSB,250911000,NS-S1-F2-SBWG01,2,33
S1_1108_LSB,250911084,NS-S1-F2-SBWG01,2,28
S1_508_LSB,250911104,NS-S1-F2-SBWG01,2,38
S1_708_LSB,250911210,NS-S1-F2-SBWG01,2,25
S1_408_LSB,250911229,NS-S1-F2-SBWG01,2,45
S1_407_LSB,250911275,NS-S1-F2-SBWG01,2,19
S1_507_LSB,250911285,NS-S1-F2-SBWG01,2,42
S1_107_RSB,250911834,NS-S1-F2-SBWG01,2,31
S1_1107_RSB,250912545,NS-S1-F2-SBWG01,2,12
S1_507_RSB,250912548,NS-S1-F2-SBWG01,2,8
S1_208_RSB,250912605,NS-S1-F2-SBWG01,2,4
S1_207_RSB,250912630,NS-S1-F2-SBWG01,2,9
S1_807_RSB,250912698,NS-S1-F2-SBWG01,2,13
S1_608_RSB,250912707,NS-S1-F2-SBWG01,2,5
S1_308_RSB,250912712,NS-S1-F2-SBWG01,2,8
S1_307_RSB,250912719,NS-S1-F2-SBWG01,2,10
S1_408_RSB,250912755,NS-S1-F2-SBWG01,2,12
S1_607_RSB,250912773,NS-S1-F2-SBWG01,2,11
S1_908_RSB,250912916,NS-S1-F2-SBWG01,2,5
S1_1007_RSB,250912956,NS-S1-F2-SBWG01,2,6
S1_707_RSB,2508010033,NS-S1-F2-SBWG01,2,12
S1_708_RSB,2508010041,NS-S1-F2-SBWG01,2,6
S1_508_RSB,2508010044,NS-S1-F2-SBWG01,2,11
S1_808_RSB,2508010714,NS-S1-F2-SBWG01,2,5
S1_407_RSB,2508010721,NS-S1-F2-SBWG01,2,7
S1_907_RSB,2508010728,NS-S1-F2-SBWG01,2,8
S1_106_RSB,2508010740,NS-S1-F2-SBWG01,2,26
S1_1108_RSB,2508010935,NS-S1-F2-SBWG01,2,5
S1_1008_RSB,2508010975,NS-S1-F2-SBWG01,2,
S1_1103_RSB,240410004,NS-S1-F2-SBWG02,1,
S1_1003_LSB,250910315,NS-S1-F2-SBWG02,1,17
S1_1103_LSB,250910341,NS-S1-F2-SBWG02,1,29
S1_1004_LSB,250910399,NS-S1-F2-SBWG02,1,38
S1_303_LSB,250910404,NS-S1-F2-SBWG02,1,44
S1_604_LSB,250910479,NS-S1-F2-SBWG02,1,51
S1_804_LSB,250910492,NS-S1-F2-SBWG02,1,96
S1_204_LSB,250910538,NS-S1-F2-SBWG02,1,37
S1_1104_LSB,250910550,NS-S1-F2-SBWG02,1,43
S1_703_LSB,250910571,NS-S1-F2-SBWG02,1,62
S1_304_LSB,250910591,NS-S1-F2-SBWG02,1,52
S1_603_LSB,250910621,NS-S1-F2-SBWG02,1,32
S1_704_LSB,250910663,NS-S1-F2-SBWG02,1,
S1_503_LSB,250910671,NS-S1-F2-SBWG02,1,49
S1_504_LSB,250910672,NS-S1-F2-SBWG02,1,45
S1_903_LSB,250910808,NS-S1-F2-SBWG02,1,36
S1_203_LSB,250911004,NS-S1-F2-SBWG02,1,48
S1_904_LSB,250911009,NS-S1-F2-SBWG02,1,36
S1_103_LSB,250911042,NS-S1-F2-SBWG02,1,2
S1_404_LSB,250911129,NS-S1-F2-SBWG02,1,24
S1_403_LSB,250911172,NS-S1-F2-SBWG02,1,32
S1_803_LSB,250911263,NS-S1-F2-SBWG02,1,34
S1_1004_RSB,250911747,NS-S1-F2-SBWG02,1,13
S1_304_RSB,250911750,NS-S1-F2-SBWG02,1,17
S1_503_RSB,250911751,NS-S1-F2-SBWG02,1,9
S1_704_RSB,250911795,NS-S1-F2-SBWG02,1,7
S1_803_RSB,250911805,NS-S1-F2-SBWG02,1,10
S1_103_RSB,250911854,NS-S1-F2-SBWG02,1,0
S1_703_RSB,250911872,NS-S1-F2-SBWG02,1,12
S1_104_RSB,250912462,NS-S1-F2-SBWG02,1,1
S1_204_RSB,250912478,NS-S1-F2-SBWG02,1,30
S1_903_RSB,250912494,NS-S1-F2-SBWG02,1,8
S1_1003_RSB,250912565,NS-S1-F2-SBWG02,1,7
S1_203_RSB,250912660,NS-S1-F2-SBWG02,1,8
S1_403_RSB,250912771,NS-S1-F2-SBWG02,1,11
S1_904_RSB,2508010095,NS-S1-F2-SBWG02,1,11
S1_504_RSB,2508010744,NS-S1-F2-SBWG02,1,8
S1_303_RSB,2508010762,NS-S1-F2-SBWG02,1,14
S1_804_RSB,2508010796,NS-S1-F2-SBWG02,1,16
S1_104_LSB,2508010804,NS-S1-F2-SBWG02,1,2
S1_1104_RSB,2508010962,NS-S1-F2-SBWG02,1,9
S1_604_RSB,2508010964,NS-S1-F2-SBWG02,1,19
S1_603_RSB,2508010986,NS-S1-F2-SBWG02,1,5
S1_404_RSB,2508010997,NS-S1-F2-SBWG02,1,10
S1_510_RSB,240410426,NS-S1-F2-SBWG02,2,
S1_1010_LSB,250910331,NS-S1-F2-SBWG02,2,36
S1_509_LSB,250910349,NS-S1-F2-SBWG02,2,58
S1_910_LSB,250910471,NS-S1-F2-SBWG02,2,47
S1_108_LSB,250910564,NS-S1-F2-SBWG02,2,9
S1_109_LSB,250910576,NS-S1-F2-SBWG02,2,11
S1_309_LSB,250910578,NS-S1-F2-SBWG02,2,68
S1_1110_LSB,250910675,NS-S1-F2-SBWG02,2,22
S1_1009_LSB,250910706,NS-S1-F2-SBWG02,2,21
S1_310_LSB,250910712,NS-S1-F2-SBWG02,2,26
S1_209_LSB,250910749,NS-S1-F2-SBWG02,2,38
S1_609_LSB,250910810,NS-S1-F2-SBWG02,2,33
S1_610_LSB,250910811,NS-S1-F2-SBWG02,2,28
S1_410_LSB,250910859,NS-S1-F2-SBWG02,2,32
S1_210_LSB,250911008,NS-S1-F2-SBWG02,2,30
S1_909_LSB,250911068,NS-S1-F2-SBWG02,2,33
S1_709_LSB,250911128,NS-S1-F2-SBWG02,2,14
S1_710_LSB,250911133,NS-S1-F2-SBWG02,2,29
S1_810_LSB,250911138,NS-S1-F2-SBWG02,2,31
S1_510_LSB,250911145,NS-S1-F2-SBWG02,2,68
S1_1109_LSB,250911157,NS-S1-F2-SBWG02,2,39
S1_809_LSB,250911199,NS-S1-F2-SBWG02,2,26
S1_409_LSB,250911221,NS-S1-F2-SBWG02,2,20
S1_310_RSB,250911732,NS-S1-F2-SBWG02,2,10
S1_710_RSB,250911769,NS-S1-F2-SBWG02,2,6
S1_810_RSB,250911788,NS-S1-F2-SBWG02,2,10
S1_1009_RSB,250911848,NS-S1-F2-SBWG02,2,8
S1_209_RSB,250911851,NS-S1-F2-SBWG02,2,9
S1_509_RSB,250911882,NS-S1-F2-SBWG02,2,12
S1_309_RSB,250911897,NS-S1-F2-SBWG02,2,9
S1_610_RSB,250912479,NS-S1-F2-SBWG02,2,7
S1_210_RSB,250912484,NS-S1-F2-SBWG02,2,14
S1_1110_RSB,250912536,NS-S1-F2-SBWG02,2,5
S1_609_RSB,250912569,NS-S1-F2-SBWG02,2,12
S1_410_RSB,250912718,NS-S1-F2-SBWG02,2,7
S1_409_RSB,250912723,NS-S1-F2-SBWG02,2,18
S1_909_RSB,250912960,NS-S1-F2-SBWG02,2,9
S1_709_RSB,2508010021,NS-S1-F2-SBWG02,2,3
S1_1010_RSB,2508010091,NS-S1-F2-SBWG02,2,9
S1_109_RSB,2508010706,NS-S1-F2-SBWG02,2,6
S1_108_RSB,2508010707,NS-S1-F2-SBWG02,2,3
S1_910_RSB,2508010723,NS-S1-F2-SBWG02,2,15
S1_809_RSB,2508010778,NS-S1-F2-SBWG02,2,8
S1_1109_RSB,2508010908,NS-S1-F2-SBWG02,2,12
S1_505_LSB,250910358,NS-S1-F2-SBWG03,1,25
S1_606_LSB,250910438,NS-S1-F2-SBWG03,1,38
S1_1006_LSB,250910460,NS-S1-F2-SBWG03,1,60
S1_306_LSB,250910484,NS-S1-F2-SBWG03,1,48
S1_206_LSB,250910525,NS-S1-F2-SBWG03,1,72
S1_1106_LSB,250910625,NS-S1-F2-SBWG03,1,42
S1_506_LSB,250910652,NS-S1-F2-SBWG03,1,37
S1_605_LSB,250910724,NS-S1-F2-SBWG03,1,49
S1_1005_LSB,250910785,NS-S1-F2-SBWG03,1,54
S1_1105_LSB,250910799,NS-S1-F2-SBWG03,1,38
S1_906_LSB,250910831,NS-S1-F2-SBWG03,1,46
S1_105_LSB,250910857,NS-S1-F2-SBWG03,1,5
S1_706_LSB,250910904,NS-S1-F2-SBWG03,1,43
S1_705_LSB,250910907,NS-S1-F2-SBWG03,1,461
S1_806_LSB,250910924,NS-S1-F2-SBWG03,1,73
S1_205_LSB,250910984,NS-S1-F2-SBWG03,1,28
S1_905_LSB,250911020,NS-S1-F2-SBWG03,1,22
S1_305_LSB,250911069,NS-S1-F2-SBWG03,1,25
S1_805_LSB,250911201,NS-S1-F2-SBWG03,1,57
S1_405_LSB,250911244,NS-S1-F2-SBWG03,1,53
S1_406_LSB,250911284,NS-S1-F2-SBWG03,1,44
S1_305_RSB,250911715,NS-S1-F2-SBWG03,1,3
S1_206_RSB,250911736,NS-S1-F2-SBWG03,1,44
S1_706_RSB,250911873,NS-S1-F2-SBWG03,1,9
S1_806_RSB,250911877,NS-S1-F2-SBWG03,1,14
S1_906_RSB,250912401,NS-S1-F2-SBWG03,1,6
S1_105_RSB,250912428,NS-S1-F2-SBWG03,1,15
S1_406_RSB,250912499,NS-S1-F2-SBWG03,1,18
S1_306_RSB,250912539,NS-S1-F2-SBWG03,1,16
S1_705_RSB,250912680,NS-S1-F2-SBWG03,1,14
S1_506_RSB,250912688,NS-S1-F2-SBWG03,1,7
S1_405_RSB,250912713,NS-S1-F2-SBWG03,1,14
S1_1005_RSB,250912908,NS-S1-F2-SBWG03,1,19
S1_505_RSB,250912929,NS-S1-F2-SBWG03,1,6
S1_1006_RSB,250912999,NS-S1-F2-SBWG03,1,17
S1_205_RSB,2508010061,NS-S1-F2-SBWG03,1,3
S1_905_RSB,2508010100,NS-S1-F2-SBWG03,1,6
S1_606_RSB,2508010757,NS-S1-F2-SBWG03,1,12
S1_805_RSB,2508010783,NS-S1-F2-SBWG03,1,8
S1_1105_RSB,2508010926,NS-S1-F2-SBWG03,1,8
S1_605_RSB,2508010968,NS-S1-F2-SBWG03,1,14
S1_1106_RSB,2508011000,NS-S1-F2-SBWG03,1,12
S1_911_LSB,250910394,NS-S1-F2-SBWG03,2,34
S1_612_LSB,250910534,NS-S1-F2-SBWG03,2,36
S1_110_LSB,250910590,NS-S1-F2-SBWG03,2,9
S1_111_LSB,250910600,NS-S1-F2-SBWG03,2,8
S1_1012_LSB,250910634,NS-S1-F2-SBWG03,2,102
S1_1111_LSB,250910664,NS-S1-F2-SBWG03,2,53
S1_1011_LSB,250910733,NS-S1-F2-SBWG03,2,18
S1_811_LSB,250910805,NS-S1-F2-SBWG03,2,57
S1_611_LSB,250910826,NS-S1-F2-SBWG03,2,20
S1_512_LSB,250910845,NS-S1-F2-SBWG03,2,75
S1_511_LSB,250910869,NS-S1-F2-SBWG03,2,44
S1_812_LSB,250910911,NS-S1-F2-SBWG03,2,13
S1_212_LSB,250910941,NS-S1-F2-SBWG03,2,11
S1_211_LSB,250911019,NS-S1-F2-SBWG03,2,48
S1_1112_LSB,250911024,NS-S1-F2-SBWG03,2,35
S1_711_LSB,250911027,NS-S1-F2-SBWG03,2,20
S1_912_LSB,250911055,NS-S1-F2-SBWG03,2,60
S1_712_LSB,250911113,NS-S1-F2-SBWG03,2,45
S1_311_LSB,250911220,NS-S1-F2-SBWG03,2,22
S1_412_LSB,250911225,NS-S1-F2-SBWG03,2,36
S1_411_LSB,250911264,NS-S1-F2-SBWG03,2,53
S1_312_LSB,250911292,NS-S1-F2-SBWG03,2,44
S1_1112_RSB,250911814,NS-S1-F2-SBWG03,2,9
S1_110_RSB,250911844,NS-S1-F2-SBWG03,2,4
S1_712_RSB,250911861,NS-S1-F2-SBWG03,2,11
S1_611_RSB,250912410,NS-S1-F2-SBWG03,2,5
S1_912_RSB,250912425,NS-S1-F2-SBWG03,2,15
S1_211_RSB,250912432,NS-S1-F2-SBWG03,2,15
S1_911_RSB,250912449,NS-S1-F2-SBWG03,2,8
S1_311_RSB,250912629,NS-S1-F2-SBWG03,2,11
S1_412_RSB,250912632,NS-S1-F2-SBWG03,2,22
S1_1012_RSB,250912675,NS-S1-F2-SBWG03,2,9
S1_812_RSB,250912753,NS-S1-F2-SBWG03,2,
S1_1011_RSB,250912779,NS-S1-F2-SBWG03,2,5
S1_411_RSB,250912907,NS-S1-F2-SBWG03,2,8
S1_811_RSB,250912983,NS-S1-F2-SBWG03,2,7
S1_212_RSB,2508010073,NS-S1-F2-SBWG03,2,4
S1_512_RSB,2508010074,NS-S1-F2-SBWG03,2,10
S1_511_RSB,2508010077,NS-S1-F2-SBWG03,2,
S1_612_RSB,2508010082,NS-S1-F2-SBWG03,2,7
S1_111_RSB,2508010701,NS-S1-F2-SBWG03,2,2
S1_312_RSB,2508010771,NS-S1-F2-SBWG03,2,15
S1_1111_RSB,2508010774,NS-S1-F2-SBWG03,2,13
S1_711_RSB,2508010799,NS-S1-F2-SBWG03,2,8
S1_514_LSB,250910352,NS-S1-F2-SBWG04,1,41
S1_713_LSB,250910380,NS-S1-F2-SBWG04,1,25
S1_112_LSB,250910435,NS-S1-F2-SBWG04,1,12
S1_314_LSB,250910439,NS-S1-F2-SBWG04,1,39
S1_913_LSB,250910480,NS-S1-F2-SBWG04,1,41
S1_614_LSB,250910558,NS-S1-F2-SBWG04,1,55
S1_1114_RSB,250910636,NS-S1-F2-SBWG04,1,10
S1_513_LSB,250910639,NS-S1-F2-SBWG04,1,43
S1_1113_LSB,250910676,NS-S1-F2-SBWG04,1,26
S1_1014_LSB,250910722,NS-S1-F2-SBWG04,1,22
S1_613_LSB,250910816,NS-S1-F2-SBWG04,1,33
S1_214_LSB,250910819,NS-S1-F2-SBWG04,1,27
S1_413_LSB,250910824,NS-S1-F2-SBWG04,1,21
S1_1013_LSB,250910838,NS-S1-F2-SBWG04,1,26
S1_213_LSB,250910899,NS-S1-F2-SBWG04,1,19
S1_813_LSB,250910932,NS-S1-F2-SBWG04,1,19
S1_814_LSB,250910990,NS-S1-F2-SBWG04,1,49
S1_414_LSB,250911012,NS-S1-F2-SBWG04,1,26
S1_313_LSB,250911051,NS-S1-F2-SBWG04,1,47
S1_914_LSB,250911108,NS-S1-F2-SBWG04,1,43
S1_714_LSB,250911121,NS-S1-F2-SBWG04,1,71
S1_514_RSB,250911716,NS-S1-F2-SBWG04,1,12
S1_814_RSB,250911812,NS-S1-F2-SBWG04,1,16
S1_314_RSB,250911821,NS-S1-F2-SBWG04,1,6
S1_112_RSB,250911823,NS-S1-F2-SBWG04,1,8
S1_1013_RSB,250911859,NS-S1-F2-SBWG04,1,11
S1_913_RSB,250912405,NS-S1-F2-SBWG04,1,7
S1_613_RSB,250912436,NS-S1-F2-SBWG04,1,19
S1_1114_LSB,250912452,NS-S1-F2-SBWG04,1,3
S1_1014_RSB,250912458,NS-S1-F2-SBWG04,1,9
S1_714_RSB,250912556,NS-S1-F2-SBWG04,1,10
S1_414_RSB,250912603,NS-S1-F2-SBWG04,1,12
S1_214_RSB,250912613,NS-S1-F2-SBWG04,1,7
S1_213_RSB,250912651,NS-S1-F2-SBWG04,1,6
S1_513_RSB,250912699,NS-S1-F2-SBWG04,1,15
S1_1113_RSB,250912704,NS-S1-F2-SBWG04,1,8
S1_914_RSB,250912765,NS-S1-F2-SBWG04,1,7
S1_813_RSB,250912783,NS-S1-F2-SBWG04,1,2
S1_413_RSB,250912951,NS-S1-F2-SBWG04,1,9
S1_313_RSB,2508010039,NS-S1-F2-SBWG04,1,16
S1_713_RSB,2508010060,NS-S1-F2-SBWG04,1,4
S1_614_RSB,2508010080,NS-S1-F2-SBWG04,1,9
S1_319_LSB,250910323,NS-S1-F2-SBWG04,2,25
S1_320_LSB,250910369,NS-S1-F2-SBWG04,2,55
S1_519_LSB,250910407,NS-S1-F2-SBWG04,2,40
S1_920_LSB,250910433,NS-S1-F2-SBWG04,2,49
S1_1019_LSB,250910633,NS-S1-F2-SBWG04,2,22
S1_1119_LSB,250910725,NS-S1-F2-SBWG04,2,40
S1_1020_LSB,250910766,NS-S1-F2-SBWG04,2,30
S1_1120_LSB,250910783,NS-S1-F2-SBWG04,2,38
S1_419_LSB,250910801,NS-S1-F2-SBWG04,2,48
S1_619_LSB,250910814,NS-S1-F2-SBWG04,2,18
S1_520_LSB,250910818,NS-S1-F2-SBWG04,2,56
S1_220_LSB,250910874,NS-S1-F2-SBWG04,2,16
S1_420_LSB,250910876,NS-S1-F2-SBWG04,2,43
S1_219_LSB,250910889,NS-S1-F2-SBWG04,2,23
S1_919_LSB,250911153,NS-S1-F2-SBWG04,2,11
S1_719_LSB,250911185,NS-S1-F2-SBWG04,2,46
S1_620_LSB,250911216,NS-S1-F2-SBWG04,2,23
S1_819_LSB,250911232,NS-S1-F2-SBWG04,2,36
S1_720_LSB,250911239,NS-S1-F2-SBWG04,2,35
S1_820_LSB,250911280,NS-S1-F2-SBWG04,2,73
S1_819_RSB,250911706,NS-S1-F2-SBWG04,2,9
S1_820_RSB,250911725,NS-S1-F2-SBWG04,2,13
S1_519_RSB,250911749,NS-S1-F2-SBWG04,2,9
S1_320_RSB,250911779,NS-S1-F2-SBWG04,2,17
S1_919_RSB,250911806,NS-S1-F2-SBWG04,2,4
S1_220_RSB,250911863,NS-S1-F2-SBWG04,2,4
S1_319_RSB,250912416,NS-S1-F2-SBWG04,2,6
S1_1119_RSB,250912533,NS-S1-F2-SBWG04,2,10
S1_719_RSB,250912604,NS-S1-F2-SBWG04,2,8
S1_219_RSB,250912625,NS-S1-F2-SBWG04,2,7
S1_720_RSB,250912645,NS-S1-F2-SBWG04,2,5
S1_920_RSB,250912667,NS-S1-F2-SBWG04,2,11
S1_620_RSB,250912739,NS-S1-F2-SBWG04,2,4
S1_619_RSB,250912744,NS-S1-F2-SBWG04,2,4
S1_1019_RSB,250912971,NS-S1-F2-SBWG04,2,9
S1_420_RSB,2508010716,NS-S1-F2-SBWG04,2,8
S1_1020_RSB,2508010726,NS-S1-F2-SBWG04,2,12
S1_419_RSB,2508010788,NS-S1-F2-SBWG04,2,10
S1_1120_RSB,2508010951,NS-S1-F2-SBWG04,2,11
S1_520_RSB,2508010958,NS-S1-F2-SBWG04,2,9
S1_715_RSB,24091795,NS-S1-F2-SBWG05,1,
S1_416_RSB,250810058,NS-S1-F2-SBWG05,1,
S1_616_RSB,250810973,NS-S1-F2-SBWG05,1,
S1_516_LSB,250910310,NS-S1-F2-SBWG05,1,39
S1_1016_LSB,250910353,NS-S1-F2-SBWG05,1,65
S1_315_LSB,250910406,NS-S1-F2-SBWG05,1,31
S1_316_LSB,250910468,NS-S1-F2-SBWG05,1,74
S1_113_LSB,250910527,NS-S1-F2-SBWG05,1,7
S1_615_LSB,250910574,NS-S1-F2-SBWG05,1,36
S1_114_LSB,250910580,NS-S1-F2-SBWG05,1,9
S1_715_LSB,250910612,NS-S1-F2-SBWG05,1,57
S1_515_LSB,250910638,NS-S1-F2-SBWG05,1,43
S1_1015_LSB,250910704,NS-S1-F2-SBWG05,1,32
S1_1115_LSB,250910787,NS-S1-F2-SBWG05,1,32
S1_1116_LSB,250910792,NS-S1-F2-SBWG05,1,32
S1_215_LSB,250910843,NS-S1-F2-SBWG05,1,21
S1_216_LSB,250910851,NS-S1-F2-SBWG05,1,29
S1_616_LSB,250910895,NS-S1-F2-SBWG05,1,42
S1_815_LSB,250910942,NS-S1-F2-SBWG05,1,33
S1_415_LSB,250911033,NS-S1-F2-SBWG05,1,25
S1_416_LSB,250911086,NS-S1-F2-SBWG05,1,32
S1_716_LSB,250911101,NS-S1-F2-SBWG05,1,29
S1_915_LSB,250911141,NS-S1-F2-SBWG05,1,31
S1_816_LSB,250911178,NS-S1-F2-SBWG05,1,34
S1_916_LSB,250911189,NS-S1-F2-SBWG05,1,38
S1_316_RSB,250911712,NS-S1-F2-SBWG05,1,13
S1_215_RSB,250911755,NS-S1-F2-SBWG05,1,12
S1_315_RSB,250911791,NS-S1-F2-SBWG05,1,23
S1_113_RSB,250911850,NS-S1-F2-SBWG05,1,5
S1_1015_RSB,250912420,NS-S1-F2-SBWG05,1,19
S1_815_RSB,250912472,NS-S1-F2-SBWG05,1,10
S1_1016_RSB,250912541,NS-S1-F2-SBWG05,1,12
S1_1115_RSB,250912576,NS-S1-F2-SBWG05,1,
S1_415_RSB,250912607,NS-S1-F2-SBWG05,1,13
S1_816_RSB,250912608,NS-S1-F2-SBWG05,1,11
S1_216_RSB,250912619,NS-S1-F2-SBWG05,1,13
S1_615_RSB,250912758,NS-S1-F2-SBWG05,1,9
S1_915_RSB,250912769,NS-S1-F2-SBWG05,1,9
S1_1116_RSB,250912787,NS-S1-F2-SBWG05,1,10
S1_515_RSB,250912914,NS-S1-F2-SBWG05,1,12
S1_916_RSB,2508010054,NS-S1-F2-SBWG05,1,11
S1_516_RSB,2508010077,NS-S1-F2-SBWG05,1,13
S1_114_RSB,2508010720,NS-S1-F2-SBWG05,1,8
S1_716_RSB,2508010758,NS-S1-F2-SBWG05,1,6
S1_321_LSB,250910400,NS-S1-F2-SBWG05,2,28
S1_922_LSB,250910409,NS-S1-F2-SBWG05,2,18
S1_522_LSB,250910418,NS-S1-F2-SBWG05,2,26
S1_521_LSB,250910445,NS-S1-F2-SBWG05,2,57
S1_222_LSB,250910463,NS-S1-F2-SBWG05,2,16
S1_1021_LSB,250910467,NS-S1-F2-SBWG05,2,21
S1_622_LSB,250910594,NS-S1-F2-SBWG05,2,28
S1_1122_LSB,250910624,NS-S1-F2-SBWG05,2,17
S1_322_LSB,250910775,NS-S1-F2-SBWG05,2,13
S1_1121_LSB,250910798,NS-S1-F2-SBWG05,2,25
S1_221_LSB,250910877,NS-S1-F2-SBWG05,2,59
S1_621_LSB,250910881,NS-S1-F2-SBWG05,2,48
S1_421_LSB,250910900,NS-S1-F2-SBWG05,2,36
S1_422_LSB,250911049,NS-S1-F2-SBWG05,2,18
S1_1022_LSB,250911054,NS-S1-F2-SBWG05,2,15
S1_722_LSB,250911120,NS-S1-F2-SBWG05,2,13
S1_821_LSB,250911140,NS-S1-F2-SBWG05,2,49
S1_721_LSB,250911170,NS-S1-F2-SBWG05,2,74
S1_921_LSB,250911187,NS-S1-F2-SBWG05,2,42
S1_822_LSB,250911202,NS-S1-F2-SBWG05,2,20
S1_321_RSB,250911721,NS-S1-F2-SBWG05,2,11
S1_522_RSB,250911722,NS-S1-F2-SBWG05,2,6
S1_322_RSB,250911759,NS-S1-F2-SBWG05,2,4
S1_521_RSB,250911763,NS-S1-F2-SBWG05,2,10
S1_1021_RSB,250911842,NS-S1-F2-SBWG05,2,10
S1_421_RSB,250911898,NS-S1-F2-SBWG05,2,7
S1_821_RSB,250912412,NS-S1-F2-SBWG05,2,16
S1_721_RSB,250912413,NS-S1-F2-SBWG05,2,6
S1_422_RSB,250912424,NS-S1-F2-SBWG05,2,3
S1_822_RSB,250912476,NS-S1-F2-SBWG05,2,2
S1_1122_RSB,250912557,NS-S1-F2-SBWG05,2,5
S1_621_RSB,250912562,NS-S1-F2-SBWG05,2,9
S1_921_RSB,250912564,NS-S1-F2-SBWG05,2,8
S1_222_RSB,250912602,NS-S1-F2-SBWG05,2,3
S1_722_RSB,250912663,NS-S1-F2-SBWG05,2,3
S1_221_RSB,250912693,NS-S1-F2-SBWG05,2,6
S1_622_RSB,250912781,NS-S1-F2-SBWG05,2,9
S1_1022_RSB,250912920,NS-S1-F2-SBWG05,2,4
S1_922_RSB,2508010737,NS-S1-F2-SBWG05,2,3
S1_1121_RSB,2508010974,NS-S1-F2-SBWG05,2,6
S1_1017_LSB,250910320,NS-S1-F2-SBWG06,1,26
S1_518_LSB,250910328,NS-S1-F2-SBWG06,1,48
S1_517_LSB,250910372,NS-S1-F2-SBWG06,1,36
S1_317_LSB,250910389,NS-S1-F2-SBWG06,1,40
S1_1117_LSB,250910665,NS-S1-F2-SBWG06,1,38
S1_1118_LSB,250910709,NS-S1-F2-SBWG06,1,49
S1_1018_LSB,250910719,NS-S1-F2-SBWG06,1,27
S1_318_LSB,250910763,NS-S1-F2-SBWG06,1,29
S1_218_LSB,250910825,NS-S1-F2-SBWG06,1,17
S1_418_LSB,250910832,NS-S1-F2-SBWG06,1,56
S1_417_LSB,250910840,NS-S1-F2-SBWG06,1,22
S1_817_LSB,250910848,NS-S1-F2-SBWG06,1,43
S1_115_LSB,250910852,NS-S1-F2-SBWG06,1,9
S1_617_LSB,250910872,NS-S1-F2-SBWG06,1,47
S1_618_LSB,250910890,NS-S1-F2-SBWG06,1,45
S1_116_LSB,250911057,NS-S1-F2-SBWG06,1,8
S1_717_LSB,250911122,NS-S1-F2-SBWG06,1,39
S1_917_LSB,250911130,NS-S1-F2-SBWG06,1,45
S1_818_LSB,250911132,NS-S1-F2-SBWG06,1,39
S1_718_LSB,250911183,NS-S1-F2-SBWG06,1,36
S1_217_LSB,250911197,NS-S1-F2-SBWG06,1,44
S1_918_LSB,250911266,NS-S1-F2-SBWG06,1,27
S1_317_RSB,250911703,NS-S1-F2-SBWG06,1,11
S1_417_RSB,250911840,NS-S1-F2-SBWG06,1,8
S1_617_RSB,250912509,NS-S1-F2-SBWG06,1,15
S1_717_RSB,250912552,NS-S1-F2-SBWG06,1,6
S1_1017_RSB,250912553,NS-S1-F2-SBWG06,1,11
S1_818_RSB,250912563,NS-S1-F2-SBWG06,1,12
S1_1117_RSB,250912577,NS-S1-F2-SBWG06,1,9
S1_918_RSB,250912588,NS-S1-F2-SBWG06,1,7
S1_817_RSB,250912610,NS-S1-F2-SBWG06,1,9
S1_318_RSB,250912615,NS-S1-F2-SBWG06,1,6
S1_217_RSB,250912657,NS-S1-F2-SBWG06,1,12
S1_218_RSB,250912686,NS-S1-F2-SBWG06,1,8
S1_418_RSB,250912696,NS-S1-F2-SBWG06,1,16
S1_1118_RSB,250912714,NS-S1-F2-SBWG06,1,7
S1_917_RSB,250912797,NS-S1-F2-SBWG06,1,16
S1_116_RSB,250912954,NS-S1-F2-SBWG06,1,5
S1_518_RSB,250912962,NS-S1-F2-SBWG06,1,6
S1_115_RSB,250912986,NS-S1-F2-SBWG06,1,4
S1_1018_RSB,250912989,NS-S1-F2-SBWG06,1,10
S1_517_RSB,2508010012,NS-S1-F2-SBWG06,1,10
S1_718_RSB,2508010756,NS-S1-F2-SBWG06,1,9
S1_618_RSB,2508010916,NS-S1-F2-SBWG06,1,10
S1_924_LSB,250910308,NS-S1-F2-SBWG06,2,59
S1_1124_LSB,250910327,NS-S1-F2-SBWG06,2,32
S1_1023_LSB,250910379,NS-S1-F2-SBWG06,2,12
S1_523_LSB,250910391,NS-S1-F2-SBWG06,2,32
S1_923_LSB,250910412,NS-S1-F2-SBWG06,2,36
S1_1123_LSB,250910615,NS-S1-F2-SBWG06,2,40
S1_1024_LSB,250910618,NS-S1-F2-SBWG06,2,41
S1_524_LSB,250910697,NS-S1-F2-SBWG06,2,28
S1_824_LSB,250910878,NS-S1-F2-SBWG06,2,46
S1_823_LSB,250910922,NS-S1-F2-SBWG06,2,31
S1_223_LSB,250910957,NS-S1-F2-SBWG06,2,22
S1_724_LSB,250911005,NS-S1-F2-SBWG06,2,43
S1_224_LSB,250911016,NS-S1-F2-SBWG06,2,29
S1_723_LSB,250911180,NS-S1-F2-SBWG06,2,35
S1_624_LSB,250911261,NS-S1-F2-SBWG06,2,39
S1_623_LSB,250911287,NS-S1-F2-SBWG06,2,31
S1_423_LSB,250911289,NS-S1-F2-SBWG06,2,37
S1_424_LSB,250911290,NS-S1-F2-SBWG06,2,30
S1_323_LSB,250911291,NS-S1-F2-SBWG06,2,50
S1_324_LSB,250911299,NS-S1-F2-SBWG06,2,37
S1_224_RSB,250911711,NS-S1-F2-SBWG06,2,15
S1_523_RSB,250911738,NS-S1-F2-SBWG06,2,13
S1_724_RSB,250911746,NS-S1-F2-SBWG06,2,11
S1_524_RSB,250911793,NS-S1-F2-SBWG06,2,8
S1_323_RSB,250911809,NS-S1-F2-SBWG06,2,15
S1_824_RSB,250911839,NS-S1-F2-SBWG06,2,10
S1_723_RSB,250911899,NS-S1-F2-SBWG06,2,11
S1_1123_RSB,250912487,NS-S1-F2-SBWG06,2,11
S1_823_RSB,250912488,NS-S1-F2-SBWG06,2,5
S1_1023_RSB,250912580,NS-S1-F2-SBWG06,2,6
S1_924_RSB,250912694,NS-S1-F2-SBWG06,2,13
S1_1024_RSB,250912731,NS-S1-F2-SBWG06,2,14
S1_923_RSB,250912790,NS-S1-F2-SBWG06,2,8
S1_423_RSB,250912924,NS-S1-F2-SBWG06,2,11
S1_623_RSB,250912939,NS-S1-F2-SBWG06,2,9
S1_424_RSB,250912949,NS-S1-F2-SBWG06,2,6
S1_624_RSB,250912998,NS-S1-F2-SBWG06,2,10
S1_223_RSB,2508010062,NS-S1-F2-SBWG06,2,5
S1_324_RSB,2508010748,NS-S1-F2-SBWG06,2,10
S1_1124_RSB,2508010768,NS-S1-F2-SBWG06,2,9
S1_1025_LSB,250910311,NS-S1-F2-SBWG07,1,
S1_526_LSB,250910362,NS-S1-F2-SBWG07,1,
S1_1026_LSB,250910478,NS-S1-F2-SBWG07,1,
S1_326_LSB,250910483,NS-S1-F2-SBWG07,1,
S1_226_LSB,250910554,NS-S1-F2-SBWG07,1,11
S1_1125_LSB,250910606,NS-S1-F2-SBWG07,1,
S1_525_LSB,250910644,NS-S1-F2-SBWG07,1,
S1_925_LSB,250910653,NS-S1-F2-SBWG07,1,
S1_926_LSB,250910795,NS-S1-F2-SBWG07,1,
S1_625_LSB,250910829,NS-S1-F2-SBWG07,1,
S1_425_LSB,250910847,NS-S1-F2-SBWG07,1,
S1_825_LSB,250910898,NS-S1-F2-SBWG07,1,
S1_826_LSB,250910951,NS-S1-F2-SBWG07,1,
S1_225_LSB,250911071,NS-S1-F2-SBWG07,1,26
S1_1126_LSB,250911083,NS-S1-F2-SBWG07,1,
S1_726_LSB,250911168,NS-S1-F2-SBWG07,1,
S1_426_LSB,250911191,NS-S1-F2-SBWG07,1,
S1_626_LSB,250911219,NS-S1-F2-SBWG07,1,
S1_725_LSB,250911226,NS-S1-F2-SBWG07,1,
S1_325_LSB,250911298,NS-S1-F2-SBWG07,1,
S1_825_RSB,250911771,NS-S1-F2-SBWG07,1,
S1_326_RSB,250911785,NS-S1-F2-SBWG07,1,
S1_726_RSB,250911794,NS-S1-F2-SBWG07,1,
S1_925_RSB,250911893,NS-S1-F2-SBWG07,1,
S1_725_RSB,250911895,NS-S1-F2-SBWG07,1,
S1_625_RSB,250912419,NS-S1-F2-SBWG07,1,
S1_226_RSB,250912434,NS-S1-F2-SBWG07,1,5
S1_225_RSB,250912480,NS-S1-F2-SBWG07,1,8
S1_1125_RSB,250912554,NS-S1-F2-SBWG07,1,
S1_626_RSB,250912578,NS-S1-F2-SBWG07,1,
S1_1126_RSB,250912738,NS-S1-F2-SBWG07,1,
S1_425_RSB,250912976,NS-S1-F2-SBWG07,1,
S1_826_RSB,250912980,NS-S1-F2-SBWG07,1,
S1_1025_RSB,2508010019,NS-S1-F2-SBWG07,1,
S1_525_RSB,2508010049,NS-S1-F2-SBWG07,1,
S1_926_RSB,2508010754,NS-S1-F2-SBWG07,1,
S1_526_RSB,2508010773,NS-S1-F2-SBWG07,1,
S1_1026_RSB,2508010918,NS-S1-F2-SBWG07,1,
S1_426_RSB,2508010937,NS-S1-F2-SBWG07,1,
S1_325_RSB,2509912411,NS-S1-F2-SBWG07,1,
S1_427_LSB,250910329,NS-S1-F2-SBWG07,2,59
S1_228_LSB,250910337,NS-S1-F2-SBWG07,2,5
S1_728_LSB,250910421,NS-S1-F2-SBWG07,2,13
S1_527_LSB,250910465,NS-S1-F2-SBWG07,2,19
S1_627_LSB,250910519,NS-S1-F2-SBWG07,2,
S1_927_LSB,250910547,NS-S1-F2-SBWG07,2,34
S1_828_LSB,250910569,NS-S1-F2-SBWG07,2,41
S1_1027_LSB,250910629,NS-S1-F2-SBWG07,2,55
S1_1028_LSB,250910677,NS-S1-F2-SBWG07,2,7
S1_327_LSB,250910731,NS-S1-F2-SBWG07,2,49
S1_1127_LSB,250910750,NS-S1-F2-SBWG07,2,29
S1_1128_LSB,250910782,NS-S1-F2-SBWG07,2,21
S1_727_LSB,250910834,NS-S1-F2-SBWG07,2,64
S1_928_LSB,250910853,NS-S1-F2-SBWG07,2,18
S1_428_LSB,250910854,NS-S1-F2-SBWG07,2,42
S1_328_LSB,250910855,NS-S1-F2-SBWG07,2,133
S1_827_LSB,250910916,NS-S1-F2-SBWG07,2,40
S1_628_LSB,250910925,NS-S1-F2-SBWG07,2,63
S1_227_LSB,250911092,NS-S1-F2-SBWG07,2,27
S1_528_LSB,250911277,NS-S1-F2-SBWG07,2,122
S1_228_RSB,250911734,NS-S1-F2-SBWG07,2,1
S1_527_RSB,250911765,NS-S1-F2-SBWG07,2,6
S1_827_RSB,250912560,NS-S1-F2-SBWG07,2,11
S1_528_RSB,250912582,NS-S1-F2-SBWG07,2,9
S1_927_RSB,250912620,NS-S1-F2-SBWG07,2,5
S1_227_RSB,250912636,NS-S1-F2-SBWG07,2,9
S1_628_RSB,250912727,NS-S1-F2-SBWG07,2,19
S1_328_RSB,250912728,NS-S1-F2-SBWG07,2,21
S1_428_RSB,250912761,NS-S1-F2-SBWG07,2,17
S1_1128_RSB,250912770,NS-S1-F2-SBWG07,2,6
S1_627_RSB,250912785,NS-S1-F2-SBWG07,2,5
S1_427_RSB,250912791,NS-S1-F2-SBWG07,2,14
S1_727_RSB,2508010063,NS-S1-F2-SBWG07,2,11
S1_828_RSB,2508010704,NS-S1-F2-SBWG07,2,9
S1_1027_RSB,2508010711,NS-S1-F2-SBWG07,2,10
S1_1028_RSB,2508010722,NS-S1-F2-SBWG07,2,3
S1_728_RSB,2508010736,NS-S1-F2-SBWG07,2,4
S1_928_RSB,2508010746,NS-S1-F2-SBWG07,2,4
S1_327_RSB,2508010749,NS-S1-F2-SBWG07,2,20
S1_1127_RSB,2508010907,NS-S1-F2-SBWG07,2,10
S1_1029_LSB,250910393,NS-S1-F2-SBWG08,1,
S1_329_LSB,250910416,NS-S1-F2-SBWG08,1,
S1_CSJ3_LSB,250910472,NS-S1-F2-SBWG08,1,
S1_CSJ8_LSB,250910476,NS-S1-F2-SBWG08,1,
S1_729_LSB,250910540,NS-S1-F2-SBWG08,1,
S1_CSJ5_LSB,250910644,NS-S1-F2-SBWG08,1,
S1_629_LSB,250910673,NS-S1-F2-SBWG08,1,
S1_CSJ6_LSB,250910692,NS-S1-F2-SBWG08,1,
S1_CSJ10_LSB,250910734,NS-S1-F2-SBWG08,1,
S1_CSJ11_LSB,250910765,NS-S1-F2-SBWG08,1,
S1_1129_LSB,250910794,NS-S1-F2-SBWG08,1,
S1_CSJ9_LSB,250911002,NS-S1-F2-SBWG08,1,
S1_229_LSB,250911038,NS-S1-F2-SBWG08,1,34
S1_CSJ7_LSB,250911039,NS-S1-F2-SBWG08,1,
S1_CSJ2_LSB,250911058,NS-S1-F2-SBWG08,1,35
S1_929_LSB,250911075,NS-S1-F2-SBWG08,1,
S1_529_LSB,250911167,NS-S1-F2-SBWG08,1,
S1_429_LSB,250911184,NS-S1-F2-SBWG08,1,
S1_CSJ4_LSB,250911190,NS-S1-F2-SBWG08,1,
S1_829_LSB,250911208,NS-S1-F2-SBWG08,1,
S1_729_RSB,250911752,NS-S1-F2-SBWG08,1,
S1_CSJ7_RSB,250911796,NS-S1-F2-SBWG08,1,
S1_529_RSB,250911829,NS-S1-F2-SBWG08,1,
S1_CSJ8_RSB,250911896,NS-S1-F2-SBWG08,1,
S1_CSJ9_RSB,250912418,NS-S1-F2-SBWG08,1,
S1_229_RSB,250912439,NS-S1-F2-SBWG08,1,8
S1_CSJ3_RSB,250912454,NS-S1-F2-SBWG08,1,
S1_929_RSB,250912469,NS-S1-F2-SBWG08,1,
S1_CSJ10_RSB,250912631,NS-S1-F2-SBWG08,1,
S1_329_RSB,250912692,NS-S1-F2-SBWG08,1,
S1_429_RSB,250912703,NS-S1-F2-SBWG08,1,
S1_1029_RSB,250912964,NS-S1-F2-SBWG08,1,
S1_CSJ5_RSB,250912965,NS-S1-F2-SBWG08,1,
S1_CSJ2_RSB,250912966,NS-S1-F2-SBWG08,1,1
S1_CSJ11_RSB,2508010088,NS-S1-F2-SBWG08,1,
S1_1129_RSB,2508010913,NS-S1-F2-SBWG08,1,
S1_629_RSB,2508010919,NS-S1-F2-SBWG08,1,
S1_CSJ4_RSB,2508010921,NS-S1-F2-SBWG08,1,
S1_CSJ6_RSB,2508010924,NS-S1-F2-SBWG08,1,
S1_829_RSB,2508010985,NS-S1-F2-SBWG08,1,
S1_1030_LSB,250910301,NS-S1-F2-SBWG08,2,19
S1_630_LSB,250910302,NS-S1-F2-SBWG08,2,1
S1_1131_LSB,250910344,NS-S1-F2-SBWG08,2,48
S1_1130_LSB,250910374,NS-S1-F2-SBWG08,2,45
S1_330_LSB,250910434,NS-S1-F2-SBWG08,2,17
S1_730_LSB,250910521,NS-S1-F2-SBWG08,2,48
S1_1031_LSB,250910679,NS-S1-F2-SBWG08,2,26
S1_631_LSB,250910713,NS-S1-F2-SBWG08,2,18
S1_831_LSB,250910720,NS-S1-F2-SBWG08,2,39
S1_830_LSB,250910759,NS-S1-F2-SBWG08,2,255
S1_930_LSB,250910807,NS-S1-F2-SBWG08,2,50
S1_530_LSB,250910841,NS-S1-F2-SBWG08,2,46
S1_531_LSB,250910882,NS-S1-F2-SBWG08,2,39
S1_230_LSB,250910976,NS-S1-F2-SBWG08,2,29
S1_231_LSB,250911079,NS-S1-F2-SBWG08,2,30
S1_731_LSB,250911100,NS-S1-F2-SBWG08,2,45
S1_931_LSB,250911155,NS-S1-F2-SBWG08,2,52
S1_431_LSB,250911192,NS-S1-F2-SBWG08,2,59
S1_331_LSB,250911243,NS-S1-F2-SBWG08,2,71
S1_430_LSB,250911260,NS-S1-F2-SBWG08,2,30
S1_330_RSB,250911709,NS-S1-F2-SBWG08,2,10
S1_430_RSB,250911729,NS-S1-F2-SBWG08,2,7
S1_730_RSB,250911758,NS-S1-F2-SBWG08,2,13
S1_531_RSB,250911770,NS-S1-F2-SBWG08,2,11
S1_231_RSB,250911786,NS-S1-F2-SBWG08,2,9
S1_1030_RSB,250911787,NS-S1-F2-SBWG08,2,5
S1_230_RSB,250911857,NS-S1-F2-SBWG08,2,8
S1_731_RSB,250912445,NS-S1-F2-SBWG08,2,11
S1_630_RSB,250912547,NS-S1-F2-SBWG08,2,1
S1_1130_RSB,250912587,NS-S1-F2-SBWG08,2,7
S1_931_RSB,250912614,NS-S1-F2-SBWG08,2,6
S1_930_RSB,250912626,NS-S1-F2-SBWG08,2,9
S1_331_RSB,250912665,NS-S1-F2-SBWG08,2,8
S1_1031_RSB,250912913,NS-S1-F2-SBWG08,2,10
S1_530_RSB,250912963,NS-S1-F2-SBWG08,2,6
S1_431_RSB,250912974,NS-S1-F2-SBWG08,2,19
S1_1131_RSB,2508010018,NS-S1-F2-SBWG08,2,6
S1_631_RSB,2508010050,NS-S1-F2-SBWG08,2,3
S1_830_RSB,2508010934,NS-S1-F2-SBWG08,2,13
S1_831_RSB,2508010953,NS-S1-F2-SBWG08,2,9
S2_1001_RSB,240410024,NS-S2-F2-SBWG01,1,
S2_1102_LSB,250910330,NS-S2-F2-SBWG01,1,36
S2_1001_LSB,250910388,NS-S2-F2-SBWG01,1,16
S2_1002_LSB,250910396,NS-S2-F2-SBWG01,1,38
S2_502_LSB,250910494,NS-S2-F2-SBWG01,1,37
S2_702_LSB,250910546,NS-S2-F2-SBWG01,1,44
S2_202_LSB,250910568,NS-S2-F2-SBWG01,1,42
S2_402_LSB,250910658,NS-S2-F2-SBWG01,1,39
S2_401_LSB,250910670,NS-S2-F2-SBWG01,1,27
S2_601_LSB,250910788,NS-S2-F2-SBWG01,1,34
S2_902_LSB,250910835,NS-S2-F2-SBWG01,1,35
S2_901_LSB,250910888,NS-S2-F2-SBWG01,1,23
S2_1101_LSB,250910952,NS-S2-F2-SBWG01,1,2
S2_801_LSB,250910958,NS-S2-F2-SBWG01,1,23
S2_602_LSB,250910964,NS-S2-F2-SBWG01,1,28
S2_802_LSB,250911029,NS-S2-F2-SBWG01,1,22
S2_201_LSB,250911030,NS-S2-F2-SBWG01,1,33
S2_701_LSB,250911043,NS-S2-F2-SBWG01,1,53
S2_302_LSB,250911119,NS-S2-F2-SBWG01,1,20
S2_301_LSB,250911134,NS-S2-F2-SBWG01,1,21
S2_501_LSB,250911169,NS-S2-F2-SBWG01,1,28
S2_1101_RSB,250911719,NS-S2-F2-SBWG01,1,1
S2_302_RSB,250911803,NS-S2-F2-SBWG01,1,4
S2_301_RSB,250911810,NS-S2-F2-SBWG01,1,7
S2_602_RSB,250911860,NS-S2-F2-SBWG01,1,12
S2_101_RSB,250912435,NS-S2-F2-SBWG01,1,50
S2_502_RSB,250912448,NS-S2-F2-SBWG01,1,14
S2_201_RSB,250912457,NS-S2-F2-SBWG01,1,13
S2_801_RSB,250912461,NS-S2-F2-SBWG01,1,8
S2_202_RSB,250912468,NS-S2-F2-SBWG01,1,12
S2_901_RSB,250912520,NS-S2-F2-SBWG01,1,8
S2_701_RSB,250912529,NS-S2-F2-SBWG01,1,7
S2_902_RSB,250912571,NS-S2-F2-SBWG01,1,13
S2_501_RSB,250912672,NS-S2-F2-SBWG01,1,13
S2_1002_RSB,250912736,NS-S2-F2-SBWG01,1,17
S2_702_RSB,250912760,NS-S2-F2-SBWG01,1,16
S2_802_RSB,250912944,NS-S2-F2-SBWG01,1,5
S2_601_RSB,2508010007,NS-S2-F2-SBWG01,1,11
S2_1102_RSB,2508010028,NS-S2-F2-SBWG01,1,11
S2_102_RSB,2508010031,NS-S2-F2-SBWG01,1,4
S2_101_LSB,2508010801,NS-S2-F2-SBWG01,1,23
S2_102_LSB,2508010831,NS-S2-F2-SBWG01,1,9
S2_402_RSB,2508010977,NS-S2-F2-SBWG01,1,10
S2_401_RSB,2508010995,NS-S2-F2-SBWG01,1,6
S2_1108_RSB,250810950,NS-S2-F2-SBWG01,2,
S2_608_LSB,250910411,NS-S2-F2-SBWG01,2,25
S2_208_LSB,250910544,NS-S2-F2-SBWG01,2,29
S2_1108_LSB,250910572,NS-S2-F2-SBWG01,2,29
S2_207_LSB,250910589,NS-S2-F2-SBWG01,2,39
S2_308_LSB,250910651,NS-S2-F2-SBWG01,2,38
S2_907_RSB,250910661,NS-S2-F2-SBWG01,2,32
S2_1008_LSB,250910668,NS-S2-F2-SBWG01,2,36
S2_707_LSB,250910718,NS-S2-F2-SBWG01,2,38
S2_708_LSB,250910747,NS-S2-F2-SBWG01,2,19
S2_1107_LSB,250910968,NS-S2-F2-SBWG01,2,23
S2_607_LSB,250910998,NS-S2-F2-SBWG01,2,46
S2_307_LSB,250911003,NS-S2-F2-SBWG01,2,48
S2_808_LSB,250911014,NS-S2-F2-SBWG01,2,37
S2_807_LSB,250911041,NS-S2-F2-SBWG01,2,31
S2_908_LSB,250911147,NS-S2-F2-SBWG01,2,29
S2_507_LSB,250911151,NS-S2-F2-SBWG01,2,24
S2_508_LSB,250911161,NS-S2-F2-SBWG01,2,28
S2_1007_LSB,250911174,NS-S2-F2-SBWG01,2,34
S2_408_LSB,250911224,NS-S2-F2-SBWG01,2,40
S2_407_LSB,250911281,NS-S2-F2-SBWG01,2,41
S2_1008_RSB,250911720,NS-S2-F2-SBWG01,2,16
S2_1007_RSB,250911735,NS-S2-F2-SBWG01,2,15
S2_1107_RSB,250911766,NS-S2-F2-SBWG01,2,10
S2_808_RSB,250911819,NS-S2-F2-SBWG01,2,14
S2_807_RSB,250911836,NS-S2-F2-SBWG01,2,8
S2_607_RSB,250912528,NS-S2-F2-SBWG01,2,12
S2_407_RSB,250912530,NS-S2-F2-SBWG01,2,15
S2_208_RSB,250912583,NS-S2-F2-SBWG01,2,16
S2_507_RSB,250912594,NS-S2-F2-SBWG01,2,17
S2_708_RSB,250912622,NS-S2-F2-SBWG01,2,6
S2_308_RSB,250912683,NS-S2-F2-SBWG01,2,9
S2_207_RSB,250912730,NS-S2-F2-SBWG01,2,18
S2_608_RSB,250912782,NS-S2-F2-SBWG01,2,8
S2_908_RSB,250912798,NS-S2-F2-SBWG01,2,12
S2_307_RSB,250912926,NS-S2-F2-SBWG01,2,14
S2_508_RSB,2508010013,NS-S2-F2-SBWG01,2,7
S2_707_RSB,2508010727,NS-S2-F2-SBWG01,2,16
S2_907_LSB,2508010780,NS-S2-F2-SBWG01,2,7
S2_408_RSB,2508010791,NS-S2-F2-SBWG01,2,13
S2_1003_LSB,250910366,NS-S2-F2-SBWG02,1,32
S2_1103_LSB,250910367,NS-S2-F2-SBWG02,1,36
S2_503_LSB,250910430,NS-S2-F2-SBWG02,1,19
S2_204_LSB,250910466,NS-S2-F2-SBWG02,1,22
S2_203_LSB,250910497,NS-S2-F2-SBWG02,1,41
S2_703_LSB,250910588,NS-S2-F2-SBWG02,1,37
S2_303_LSB,250910616,NS-S2-F2-SBWG02,1,39
S2_1004_LSB,250910631,NS-S2-F2-SBWG02,1,40
S2_304_LSB,250910682,NS-S2-F2-SBWG02,1,30
S2_704_LSB,250910717,NS-S2-F2-SBWG02,1,44
S2_504_LSB,250910764,NS-S2-F2-SBWG02,1,29
S2_904_LSB,250910777,NS-S2-F2-SBWG02,1,17
S2_803_LSB,250910817,NS-S2-F2-SBWG02,1,24
S2_1104_LSB,250910938,NS-S2-F2-SBWG02,1,25
S2_903_LSB,250910962,NS-S2-F2-SBWG02,1,21
S2_604_LSB,250911060,NS-S2-F2-SBWG02,1,23
S2_603_LSB,250911080,NS-S2-F2-SBWG02,1,10
S2_403_LSB,250911194,NS-S2-F2-SBWG02,1,41
S2_404_LSB,250911195,NS-S2-F2-SBWG02,1,30
S2_804_LSB,250911222,NS-S2-F2-SBWG02,1,40
S2_1103_RSB,250911705,NS-S2-F2-SBWG02,1,4
S2_903_RSB,250911887,NS-S2-F2-SBWG02,1,7
S2_104_RSB,250912415,NS-S2-F2-SBWG02,1,4
S2_1003_RSB,250912464,NS-S2-F2-SBWG02,1,10
S2_1004_RSB,250912465,NS-S2-F2-SBWG02,1,11
S2_504_RSB,250912483,NS-S2-F2-SBWG02,1,15
S2_304_RSB,250912502,NS-S2-F2-SBWG02,1,7
S2_403_RSB,250912635,NS-S2-F2-SBWG02,1,27
S2_404_RSB,250912662,NS-S2-F2-SBWG02,1,20
S2_803_RSB,250912748,NS-S2-F2-SBWG02,1,7
S2_603_RSB,250912918,NS-S2-F2-SBWG02,1,1
S2_704_RSB,250912953,NS-S2-F2-SBWG02,1,14
S2_303_RSB,250912982,NS-S2-F2-SBWG02,1,16
S2_703_RSB,250912988,NS-S2-F2-SBWG02,1,9
S2_503_RSB,2508010026,NS-S2-F2-SBWG02,1,6
S2_103_RSB,2508010034,NS-S2-F2-SBWG02,1,4
S2_804_RSB,2508010048,NS-S2-F2-SBWG02,1,13
S2_1104_RSB,2508010071,NS-S2-F2-SBWG02,1,6
S2_604_RSB,2508010724,NS-S2-F2-SBWG02,1,10
S2_904_RSB,2508010732,NS-S2-F2-SBWG02,1,4
S2_103_LSB,2508010862,NS-S2-F2-SBWG02,1,4
S2_104_LSB,2508010890,NS-S2-F2-SBWG02,1,3
S2_203_RSB,2508010948,NS-S2-F2-SBWG02,1,19
S2_204_RSB,2508010963,NS-S2-F2-SBWG02,1,9
S2_210_RSB,240410013,NS-S2-F2-SBWG02,2,
S2_1009_RSB,240410085,NS-S2-F2-SBWG02,2,
S2_510_LSB,250910334,NS-S2-F2-SBWG02,2,9
S2_610_LSB,250910562,NS-S2-F2-SBWG02,2,37
S2_1109_LSB,250910613,NS-S2-F2-SBWG02,2,15
S2_1010_LSB,250910748,NS-S2-F2-SBWG02,2,39
S2_709_LSB,250910789,NS-S2-F2-SBWG02,2,30
S2_809_LSB,250910821,NS-S2-F2-SBWG02,2,24
S2_1110_LSB,250910823,NS-S2-F2-SBWG02,2,23
S2_309_LSB,250910880,NS-S2-F2-SBWG02,2,
S2_209_LSB,250911006,NS-S2-F2-SBWG02,2,58
S2_909_LSB,250911023,NS-S2-F2-SBWG02,2,27
S2_210_LSB,250911062,NS-S2-F2-SBWG02,2,46
S2_910_LSB,250911064,NS-S2-F2-SBWG02,2,17
S2_810_LSB,250911111,NS-S2-F2-SBWG02,2,23
S2_410_LSB,250911117,NS-S2-F2-SBWG02,2,22
S2_710_LSB,250911124,NS-S2-F2-SBWG02,2,35
S2_409_LSB,250911131,NS-S2-F2-SBWG02,2,48
S2_509_LSB,250911139,NS-S2-F2-SBWG02,2,21
S2_1009_LSB,250911163,NS-S2-F2-SBWG02,2,27
S2_310_LSB,250911213,NS-S2-F2-SBWG02,2,38
S2_609_LSB,250911235,NS-S2-F2-SBWG02,2,33
S2_1109_RSB,250912431,NS-S2-F2-SBWG02,2,6
S2_310_RSB,250912507,NS-S2-F2-SBWG02,2,21
S2_309_RSB,250912516,NS-S2-F2-SBWG02,2,7
S2_710_RSB,250912546,NS-S2-F2-SBWG02,2,16
S2_509_RSB,250912549,NS-S2-F2-SBWG02,2,9
S2_610_RSB,250912652,NS-S2-F2-SBWG02,2,14
S2_1110_RSB,250912673,NS-S2-F2-SBWG02,2,8
S2_810_RSB,250912796,NS-S2-F2-SBWG02,2,10
S2_909_RSB,250912799,NS-S2-F2-SBWG02,2,8
S2_410_RSB,250912945,NS-S2-F2-SBWG02,2,10
S2_409_RSB,2508010047,NS-S2-F2-SBWG02,2,16
S2_510_RSB,2508010079,NS-S2-F2-SBWG02,2,3
S2_709_RSB,2508010703,NS-S2-F2-SBWG02,2,9
S2_209_RSB,2508010705,NS-S2-F2-SBWG02,2,21
S2_609_RSB,2508010730,NS-S2-F2-SBWG02,2,11
S2_809_RSB,2508010793,NS-S2-F2-SBWG02,2,9
S2_1010_RSB,2508010904,NS-S2-F2-SBWG02,2,12
S2_910_RSB,2508010988,NS-S2-F2-SBWG02,2,9
S2_306_LSB,250910370,NS-S2-F2-SBWG03,1,36
S2_606_LSB,250910507,NS-S2-F2-SBWG03,1,55
S2_506_LSB,250910524,NS-S2-F2-SBWG03,1,22
S2_605_LSB,250910529,NS-S2-F2-SBWG03,1,28
S2_305_LSB,250910686,NS-S2-F2-SBWG03,1,4
S2_706_LSB,250910707,NS-S2-F2-SBWG03,1,31
S2_905_LSB,250910715,NS-S2-F2-SBWG03,1,28
S2_906_LSB,250910745,NS-S2-F2-SBWG03,1,31
S2_505_LSB,250910754,NS-S2-F2-SBWG03,1,21
S2_705_LSB,250910767,NS-S2-F2-SBWG03,1,31
S2_805_LSB,250910802,NS-S2-F2-SBWG03,1,39
S2_806_LSB,250910897,NS-S2-F2-SBWG03,1,38
S2_1105_LSB,250910913,NS-S2-F2-SBWG03,1,19
S2_1106_LSB,250910933,NS-S2-F2-SBWG03,1,30
S2_205_LSB,250911107,NS-S2-F2-SBWG03,1,38
S2_406_LSB,250911123,NS-S2-F2-SBWG03,1,29
S2_206_LSB,250911126,NS-S2-F2-SBWG03,1,44
S2_1005_LSB,250911158,NS-S2-F2-SBWG03,1,11
S2_1006_LSB,250911182,NS-S2-F2-SBWG03,1,15
S2_405_LSB,250911196,NS-S2-F2-SBWG03,1,42
S2_1006_RSB,250911724,NS-S2-F2-SBWG03,1,8
S2_1106_RSB,250911756,NS-S2-F2-SBWG03,1,14
S2_1105_RSB,250911775,NS-S2-F2-SBWG03,1,10
S2_805_RSB,250911813,NS-S2-F2-SBWG03,1,9
S2_105_RSB,250912421,NS-S2-F2-SBWG03,1,29
S2_306_RSB,250912426,NS-S2-F2-SBWG03,1,15
S2_906_RSB,250912429,NS-S2-F2-SBWG03,1,8
S2_705_RSB,250912490,NS-S2-F2-SBWG03,1,8
S2_505_RSB,250912585,NS-S2-F2-SBWG03,1,11
S2_806_RSB,250912623,NS-S2-F2-SBWG03,1,20
S2_305_RSB,250912654,NS-S2-F2-SBWG03,1,4
S2_606_RSB,250912658,NS-S2-F2-SBWG03,1,21
S2_406_RSB,250912700,NS-S2-F2-SBWG03,1,14
S2_206_RSB,250912750,NS-S2-F2-SBWG03,1,19
S2_905_RSB,250912955,NS-S2-F2-SBWG03,1,16
S2_706_RSB,250912969,NS-S2-F2-SBWG03,1,6
S2_506_RSB,2508010020,NS-S2-F2-SBWG03,1,15
S2_1005_RSB,2508010043,NS-S2-F2-SBWG03,1,4
S2_105_LSB,2508010136,NS-S2-F2-SBWG03,1,16
S2_605_RSB,2508010710,NS-S2-F2-SBWG03,1,8
S2_405_RSB,2508010753,NS-S2-F2-SBWG03,1,14
S2_205_RSB,2508010946,NS-S2-F2-SBWG03,1,9
S2_412_RSB,240410017,NS-S2-F2-SBWG03,2,
S2_411_RSB,240410061,NS-S2-F2-SBWG03,2,
S2_712_RSB,240410408,NS-S2-F2-SBWG03,2,
S2_612_LSB,250910342,NS-S2-F2-SBWG03,2,42
S2_412_LSB,250910363,NS-S2-F2-SBWG03,2,23
S2_411_LSB,250910376,NS-S2-F2-SBWG03,2,46
S2_212_LSB,250910453,NS-S2-F2-SBWG03,2,25
S2_1011_LSB,250910489,NS-S2-F2-SBWG03,2,31
S2_811_LSB,250910610,NS-S2-F2-SBWG03,2,23
S2_611_LSB,250910663,NS-S2-F2-SBWG03,2,32
S2_511_LSB,250910699,NS-S2-F2-SBWG03,2,19
S2_711_LSB,250910723,NS-S2-F2-SBWG03,2,40
S2_712_LSB,250910790,NS-S2-F2-SBWG03,2,25
S2_812_LSB,250910815,NS-S2-F2-SBWG03,2,21
S2_1012_LSB,250910864,NS-S2-F2-SBWG03,2,32
S2_911_LSB,250910886,NS-S2-F2-SBWG03,2,21
S2_1112_LSB,250910896,NS-S2-F2-SBWG03,2,19
S2_512_LSB,250910920,NS-S2-F2-SBWG03,2,29
S2_912_LSB,250910996,NS-S2-F2-SBWG03,2,13
S2_1111_LSB,250911053,NS-S2-F2-SBWG03,2,21
S2_211_LSB,250911059,NS-S2-F2-SBWG03,2,29
S2_311_LSB,250911203,NS-S2-F2-SBWG03,2,25
S2_312_LSB,250911217,NS-S2-F2-SBWG03,2,4
S2_212_RSB,250911723,NS-S2-F2-SBWG03,2,16
S2_911_RSB,250911792,NS-S2-F2-SBWG03,2,8
S2_811_RSB,250912521,NS-S2-F2-SBWG03,2,11
S2_912_RSB,250912542,NS-S2-F2-SBWG03,2,8
S2_211_RSB,250912559,NS-S2-F2-SBWG03,2,10
S2_311_RSB,250912575,NS-S2-F2-SBWG03,2,8
S2_312_RSB,250912596,NS-S2-F2-SBWG03,2,1
S2_812_RSB,250912634,NS-S2-F2-SBWG03,2,5
S2_1112_RSB,250912677,NS-S2-F2-SBWG03,2,1
S2_612_RSB,250912735,NS-S2-F2-SBWG03,2,20
S2_512_RSB,250912757,NS-S2-F2-SBWG03,2,18
S2_511_RSB,250912784,NS-S2-F2-SBWG03,2,6
S2_711_RSB,2508010016,NS-S2-F2-SBWG03,2,14
S2_611_RSB,2508010729,NS-S2-F2-SBWG03,2,6
S2_1012_RSB,2508010747,NS-S2-F2-SBWG03,2,13
S2_1111_RSB,2508010792,NS-S2-F2-SBWG03,2,8
S2_1011_RSB,2508010922,NS-S2-F2-SBWG03,2,13
S2_1013_LSB,250910321,NS-S2-F2-SBWG04,1,40
S2_714_LSB,250910390,NS-S2-F2-SBWG04,1,29
S2_614_LSB,250910535,NS-S2-F2-SBWG04,1,39
S2_513_LSB,250910557,NS-S2-F2-SBWG04,1,21
S2_514_LSB,250910587,NS-S2-F2-SBWG04,1,10
S2_414_LSB,250910655,NS-S2-F2-SBWG04,1,23
S2_413_LSB,250910667,NS-S2-F2-SBWG04,1,5
S2_314_LSB,250910680,NS-S2-F2-SBWG04,1,30
S2_313_LSB,250910683,NS-S2-F2-SBWG04,1,27
S2_713_LSB,250910708,NS-S2-F2-SBWG04,1,15
S2_213_LSB,250910909,NS-S2-F2-SBWG04,1,39
S2_813_LSB,250910971,NS-S2-F2-SBWG04,1,36
S2_214_LSB,250910992,NS-S2-F2-SBWG04,1,36
S2_1114_LSB,250911032,NS-S2-F2-SBWG04,1,10
S2_1113_LSB,250911035,NS-S2-F2-SBWG04,1,10
S2_613_LSB,250911087,NS-S2-F2-SBWG04,1,66
S2_814_LSB,250911099,NS-S2-F2-SBWG04,1,44
S2_913_LSB,250911206,NS-S2-F2-SBWG04,1,44
S2_914_LSB,250911245,NS-S2-F2-SBWG04,1,10
S2_1014_LSB,250911251,NS-S2-F2-SBWG04,1,28
S2_814_RSB,250911727,NS-S2-F2-SBWG04,1,12
S2_613_RSB,250911745,NS-S2-F2-SBWG04,1,11
S2_106_RSB,250911778,NS-S2-F2-SBWG04,1,5
S2_413_RSB,250911797,NS-S2-F2-SBWG04,1,2
S2_713_RSB,250911804,NS-S2-F2-SBWG04,1,7
S2_913_RSB,250911841,NS-S2-F2-SBWG04,1,12
S2_414_RSB,250912512,NS-S2-F2-SBWG04,1,13
S2_313_RSB,250912597,NS-S2-F2-SBWG04,1,11
S2_614_RSB,250912627,NS-S2-F2-SBWG04,1,14
S2_1014_RSB,250912724,NS-S2-F2-SBWG04,1,5
S2_714_RSB,250912751,NS-S2-F2-SBWG04,1,14
S2_514_RSB,250912762,NS-S2-F2-SBWG04,1,4
S2_214_RSB,250912923,NS-S2-F2-SBWG04,1,23
S2_1113_RSB,250912935,NS-S2-F2-SBWG04,1,0
S2_314_RSB,250912937,NS-S2-F2-SBWG04,1,16
S2_1114_RSB,250912957,NS-S2-F2-SBWG04,1,10
S2_813_RSB,2508010022,NS-S2-F2-SBWG04,1,16
S2_213_RSB,2508010064,NS-S2-F2-SBWG04,1,13
S2_914_RSB,2508010800,NS-S2-F2-SBWG04,1,5
S2_106_LSB,2508010851,NS-S2-F2-SBWG04,1,2
S2_1013_RSB,2508010911,NS-S2-F2-SBWG04,1,16
S2_513_RSB,2508010933,NS-S2-F2-SBWG04,1,11
S2_920_LSB,250910316,NS-S2-F2-SBWG04,2,13
S2_620_LSB,250910359,NS-S2-F2-SBWG04,2,35
S2_1020_LSB,250910383,NS-S2-F2-SBWG04,2,7
S2_1120_LSB,250910387,NS-S2-F2-SBWG04,2,29
S2_319_LSB,250910456,NS-S2-F2-SBWG04,2,34
S2_320_LSB,250910458,NS-S2-F2-SBWG04,2,8
S2_719_LSB,250910504,NS-S2-F2-SBWG04,2,34
S2_720_LSB,250910583,NS-S2-F2-SBWG04,2,51
S2_220_LSB,250910604,NS-S2-F2-SBWG04,2,43
S2_420_LSB,250910637,NS-S2-F2-SBWG04,2,36
S2_519_LSB,250910741,NS-S2-F2-SBWG04,2,9
S2_819_LSB,250910887,NS-S2-F2-SBWG04,2,27
S2_919_LSB,250910948,NS-S2-F2-SBWG04,2,12
S2_1019_LSB,250910953,NS-S2-F2-SBWG04,2,40
S2_219_LSB,250911144,NS-S2-F2-SBWG04,2,17
S2_520_LSB,250911154,NS-S2-F2-SBWG04,2,18
S2_419_LSB,250911198,NS-S2-F2-SBWG04,2,16
S2_619_LSB,250911255,NS-S2-F2-SBWG04,2,34
S2_1119_LSB,250911256,NS-S2-F2-SBWG04,2,6
S2_820_LSB,250911274,NS-S2-F2-SBWG04,2,37
S2_1120_RSB,250911702,NS-S2-F2-SBWG04,2,3
S2_419_RSB,250911773,NS-S2-F2-SBWG04,2,9
S2_319_RSB,250911801,NS-S2-F2-SBWG04,2,14
S2_920_RSB,250911818,NS-S2-F2-SBWG04,2,3
S2_620_RSB,250912511,NS-S2-F2-SBWG04,2,8
S2_719_RSB,250912573,NS-S2-F2-SBWG04,2,10
S2_619_RSB,250912576,NS-S2-F2-SBWG04,2,10
S2_720_RSB,250912600,NS-S2-F2-SBWG04,2,11
S2_1119_RSB,250912649,NS-S2-F2-SBWG04,2,2
S2_520_RSB,250912741,NS-S2-F2-SBWG04,2,11
S2_820_RSB,250912743,NS-S2-F2-SBWG04,2,13
S2_919_RSB,250912941,NS-S2-F2-SBWG04,2,7
S2_320_RSB,250912961,NS-S2-F2-SBWG04,2,4
S2_819_RSB,250912984,NS-S2-F2-SBWG04,2,8
S2_1019_RSB,2508010008,NS-S2-F2-SBWG04,2,23
S2_519_RSB,2508010717,NS-S2-F2-SBWG04,2,4
S2_220_RSB,2508010766,NS-S2-F2-SBWG04,2,34
S2_219_RSB,2508010772,NS-S2-F2-SBWG04,2,13
S2_1020_RSB,2508010901,NS-S2-F2-SBWG04,2,2
S2_420_RSB,2596010733,NS-S2-F2-SBWG04,2,
S2_315_LSB,250910408,NS-S2-F2-SBWG05,1,26
S2_316_LSB,250910419,NS-S2-F2-SBWG05,1,52
S2_515_LSB,250910595,NS-S2-F2-SBWG05,1,11
S2_716_LSB,250910609,NS-S2-F2-SBWG05,1,35
S2_715_LSB,250910632,NS-S2-F2-SBWG05,1,21
S2_815_LSB,250910828,NS-S2-F2-SBWG05,1,13
S2_415_LSB,250910837,NS-S2-F2-SBWG05,1,27
S2_416_LSB,250910860,NS-S2-F2-SBWG05,1,30
S2_816_LSB,250910917,NS-S2-F2-SBWG05,1,54
S2_215_LSB,250910918,NS-S2-F2-SBWG05,1,19
S2_216_LSB,250910947,NS-S2-F2-SBWG05,1,108
S2_516_LSB,250911091,NS-S2-F2-SBWG05,1,13
S2_615_LSB,250911098,NS-S2-F2-SBWG05,1,41
S2_616_LSB,250911171,NS-S2-F2-SBWG05,1,41
S2_1016_LSB,250911231,NS-S2-F2-SBWG05,1,31
S2_1015_LSB,250911233,NS-S2-F2-SBWG05,1,37
S2_916_LSB,250911240,NS-S2-F2-SBWG05,1,23
S2_915_LSB,250911282,NS-S2-F2-SBWG05,1,25
S2_107_RSB,250911762,NS-S2-F2-SBWG05,1,9
S2_108_RSB,250911884,NS-S2-F2-SBWG05,1,8
S2_616_RSB,250912482,NS-S2-F2-SBWG05,1,18
S2_1015_RSB,250912531,NS-S2-F2-SBWG05,1,13
S2_715_RSB,250912561,NS-S2-F2-SBWG05,1,9
S2_615_RSB,250912656,NS-S2-F2-SBWG05,1,14
S2_915_RSB,250912684,NS-S2-F2-SBWG05,1,7
S2_1016_RSB,250912749,NS-S2-F2-SBWG05,1,9
S2_716_RSB,250912800,NS-S2-F2-SBWG05,1,10
S2_415_RSB,250912970,NS-S2-F2-SBWG05,1,10
S2_816_RSB,2508010024,NS-S2-F2-SBWG05,1,21
S2_416_RSB,2508010052,NS-S2-F2-SBWG05,1,17
S2_815_RSB,2508010078,NS-S2-F2-SBWG05,1,4
S2_916_RSB,2508010096,NS-S2-F2-SBWG05,1,6
S2_316_RSB,2508010719,NS-S2-F2-SBWG05,1,0
S2_315_RSB,2508010775,NS-S2-F2-SBWG05,1,13
S2_216_RSB,2508010782,NS-S2-F2-SBWG05,1,15
S2_215_RSB,2508010787,NS-S2-F2-SBWG05,1,14
S2_107_LSB,2508010825,NS-S2-F2-SBWG05,1,5
S2_108_LSB,2508010839,NS-S2-F2-SBWG05,1,4
S2_516_RSB,2508010966,NS-S2-F2-SBWG05,1,6
S2_515_RSB,2508010994,NS-S2-F2-SBWG05,1,7
S2_621_LSB,250910360,NS-S2-F2-SBWG05,2,41
S2_1022_LSB,250910382,NS-S2-F2-SBWG05,2,12
S2_1122_LSB,250910503,NS-S2-F2-SBWG05,2,3
S2_322_LSB,250910656,NS-S2-F2-SBWG05,2,19
S2_421_LSB,250910693,NS-S2-F2-SBWG05,2,22
S2_521_LSB,250910726,NS-S2-F2-SBWG05,2,13
S2_221_LSB,250910735,NS-S2-F2-SBWG05,2,35
S2_721_LSB,250910757,NS-S2-F2-SBWG05,2,5
S2_1021_LSB,250910771,NS-S2-F2-SBWG05,2,24
S2_422_LSB,250910875,NS-S2-F2-SBWG05,2,6
S2_222_LSB,250910926,NS-S2-F2-SBWG05,2,21
S2_822_LSB,250910957,NS-S2-F2-SBWG05,2,
S2_722_LSB,250910965,NS-S2-F2-SBWG05,2,8
S2_321_LSB,250910973,NS-S2-F2-SBWG05,2,44
S2_1121_LSB,250911037,NS-S2-F2-SBWG05,2,20
S2_821_LSB,250911089,NS-S2-F2-SBWG05,2,34
S2_522_LSB,250911181,NS-S2-F2-SBWG05,2,7
S2_921_LSB,250911258,NS-S2-F2-SBWG05,2,22
S2_922_LSB,250911272,NS-S2-F2-SBWG05,2,26
S2_622_LSB,250911294,NS-S2-F2-SBWG05,2,15
S2_721_RSB,250911777,NS-S2-F2-SBWG05,2,2
S2_921_RSB,250911820,NS-S2-F2-SBWG05,2,8
S2_722_RSB,250912406,NS-S2-F2-SBWG05,2,2
S2_321_RSB,250912407,NS-S2-F2-SBWG05,2,16
S2_322_RSB,250912456,NS-S2-F2-SBWG05,2,14
S2_1021_RSB,250912518,NS-S2-F2-SBWG05,2,9
S2_521_RSB,250912558,NS-S2-F2-SBWG05,2,8
S2_1121_RSB,250912572,NS-S2-F2-SBWG05,2,16
S2_622_RSB,250912609,NS-S2-F2-SBWG05,2,4
S2_822_RSB,250912754,NS-S2-F2-SBWG05,2,6
S2_522_RSB,250912766,NS-S2-F2-SBWG05,2,3
S2_621_RSB,250912927,NS-S2-F2-SBWG05,2,13
S2_821_RSB,250912928,NS-S2-F2-SBWG05,2,15
S2_922_RSB,2508010035,NS-S2-F2-SBWG05,2,11
S2_422_RSB,2508010072,NS-S2-F2-SBWG05,2,4
S2_222_RSB,2508010089,NS-S2-F2-SBWG05,2,9
S2_221_RSB,2508010745,NS-S2-F2-SBWG05,2,17
S2_421_RSB,2508010759,NS-S2-F2-SBWG05,2,4
S2_1122_RSB,2508010925,NS-S2-F2-SBWG05,2,2
S2_1022_RSB,2508010942,NS-S2-F2-SBWG05,2,3
S2_918_LSB,250910313,NS-S2-F2-SBWG06,1,29
S2_517_LSB,250910486,NS-S2-F2-SBWG06,1,11
S2_617_LSB,250910505,NS-S2-F2-SBWG06,1,21
S2_718_LSB,250910603,NS-S2-F2-SBWG06,1,26
S2_1117_LSB,250910605,NS-S2-F2-SBWG06,1,21
S2_1118_LSB,250910687,NS-S2-F2-SBWG06,1,33
S2_717_LSB,250910689,NS-S2-F2-SBWG06,1,27
S2_418_LSB,250910863,NS-S2-F2-SBWG06,1,37
S2_417_LSB,250910892,NS-S2-F2-SBWG06,1,10
S2_817_LSB,250910903,NS-S2-F2-SBWG06,1,20
S2_818_RSB,250910959,NS-S2-F2-SBWG06,1,56
S2_217_LSB,250910983,NS-S2-F2-SBWG06,1,18
S2_518_LSB,250910986,NS-S2-F2-SBWG06,1,21
S2_318_LSB,250911105,NS-S2-F2-SBWG06,1,20
S2_618_LSB,250911136,NS-S2-F2-SBWG06,1,29
S2_317_LSB,250911150,NS-S2-F2-SBWG06,1,18
S2_218_LSB,250911166,NS-S2-F2-SBWG06,1,1
S2_1018_LSB,250911252,NS-S2-F2-SBWG06,1,22
S2_1017_LSB,250911276,NS-S2-F2-SBWG06,1,21
S2_917_LSB,250911288,NS-S2-F2-SBWG06,1,9
S2_818_LSB,250911707,NS-S2-F2-SBWG06,1,12
S2_109_RSB,250911733,NS-S2-F2-SBWG06,1,18
S2_1117_RSB,250911741,NS-S2-F2-SBWG06,1,8
S2_817_RSB,250911754,NS-S2-F2-SBWG06,1,9
S2_1018_RSB,250911870,NS-S2-F2-SBWG06,1,6
S2_218_RSB,250912403,NS-S2-F2-SBWG06,1,0
S2_717_RSB,250912510,NS-S2-F2-SBWG06,1,11
S2_1118_RSB,250912670,NS-S2-F2-SBWG06,1,4
S2_110_RSB,250912676,NS-S2-F2-SBWG06,1,6
S2_917_RSB,250912679,NS-S2-F2-SBWG06,1,3
S2_918_RSB,250912685,NS-S2-F2-SBWG06,1,12
S2_617_RSB,250912717,NS-S2-F2-SBWG06,1,5
S2_317_RSB,250912909,NS-S2-F2-SBWG06,1,7
S2_417_RSB,250912912,NS-S2-F2-SBWG06,1,4
S2_1017_RSB,250912975,NS-S2-F2-SBWG06,1,8
S2_718_RSB,250912995,NS-S2-F2-SBWG06,1,12
S2_318_RSB,2508010030,NS-S2-F2-SBWG06,1,13
S2_418_RSB,2508010057,NS-S2-F2-SBWG06,1,12
S2_217_RSB,2508010731,NS-S2-F2-SBWG06,1,9
S2_618_RSB,2508010786,NS-S2-F2-SBWG06,1,8
S2_110_LSB,2508010815,NS-S2-F2-SBWG06,1,5
S2_109_LSB,2508010885,NS-S2-F2-SBWG06,1,13
S2_518_RSB,2508010912,NS-S2-F2-SBWG06,1,6
S2_517_RSB,2508010996,NS-S2-F2-SBWG06,1,2
S2_423_LSB,250910304,NS-S2-F2-SBWG06,2,29
S2_424_LSB,250910307,NS-S2-F2-SBWG06,2,20
S2_324_LSB,250910335,NS-S2-F2-SBWG06,2,23
S2_624_LSB,250910384,NS-S2-F2-SBWG06,2,12
S2_223_LSB,250910422,NS-S2-F2-SBWG06,2,35
S2_1024_LSB,250910443,NS-S2-F2-SBWG06,2,28
S2_224_LSB,250910454,NS-S2-F2-SBWG06,2,82
S2_1124_LSB,250910543,NS-S2-F2-SBWG06,2,2
S2_323_LSB,250910620,NS-S2-F2-SBWG06,2,37
S2_524_LSB,250910659,NS-S2-F2-SBWG06,2,24
S2_723_LSB,250910716,NS-S2-F2-SBWG06,2,39
S2_1023_LSB,250910770,NS-S2-F2-SBWG06,2,39
S2_924_LSB,250910793,NS-S2-F2-SBWG06,2,30
S2_1123_LSB,250910833,NS-S2-F2-SBWG06,2,4
S2_824_RSB,250911050,NS-S2-F2-SBWG06,2,27
S2_823_LSB,250911052,NS-S2-F2-SBWG06,2,19
S2_523_LSB,250911103,NS-S2-F2-SBWG06,2,10
S2_724_LSB,250911177,NS-S2-F2-SBWG06,2,29
S2_923_LSB,250911230,NS-S2-F2-SBWG06,2,28
S2_623_LSB,250911237,NS-S2-F2-SBWG06,2,39
S2_623_RSB,250911783,NS-S2-F2-SBWG06,2,14
S2_723_RSB,250911798,NS-S2-F2-SBWG06,2,13
S2_423_RSB,250911825,NS-S2-F2-SBWG06,2,13
S2_924_RSB,250911890,NS-S2-F2-SBWG06,2,10
S2_923_RSB,250911894,NS-S2-F2-SBWG06,2,20
S2_323_RSB,250912433,NS-S2-F2-SBWG06,2,20
S2_724_RSB,250912460,NS-S2-F2-SBWG06,2,12
S2_1123_RSB,250912641,NS-S2-F2-SBWG06,2,5
S2_823_RSB,250912653,NS-S2-F2-SBWG06,2,8
S2_1124_RSB,250912669,NS-S2-F2-SBWG06,2,2
S2_224_RSB,250912690,NS-S2-F2-SBWG06,2,8
S2_1023_RSB,250912732,NS-S2-F2-SBWG06,2,16
S2_1024_RSB,250912734,NS-S2-F2-SBWG06,2,7
S2_523_RSB,250912756,NS-S2-F2-SBWG06,2,5
S2_324_RSB,250912925,NS-S2-F2-SBWG06,2,9
S2_824_LSB,250912981,NS-S2-F2-SBWG06,2,14
S2_524_RSB,2508010014,NS-S2-F2-SBWG06,2,12
S2_424_RSB,2508010056,NS-S2-F2-SBWG06,2,7
S2_624_RSB,2508010702,NS-S2-F2-SBWG06,2,6
S2_223_RSB,2508010767,NS-S2-F2-SBWG06,2,11
S2_625_RSB,24091745,NS-S2-F2-SBWG07,1,
S2_1026_RSB,240410433,NS-S2-F2-SBWG07,1,
S2_425_LSB,250910306,NS-S2-F2-SBWG07,1,
S2_825_RSB,250910502,NS-S2-F2-SBWG07,1,
S2_826_LSB,250910514,NS-S2-F2-SBWG07,1,
S2_1126_LSB,250910528,NS-S2-F2-SBWG07,1,
S2_725_LSB,250910599,NS-S2-F2-SBWG07,1,
S2_926_LSB,250910681,NS-S2-F2-SBWG07,1,
S2_1026_LSB,250910743,NS-S2-F2-SBWG07,1,
S2_1125_LSB,250910769,NS-S2-F2-SBWG07,1,
S2_1025_LSB,250910773,NS-S2-F2-SBWG07,1,
S2_726_LSB,250910781,NS-S2-F2-SBWG07,1,
S2_326_LSB,250910836,NS-S2-F2-SBWG07,1,
S2_426_LSB,250910842,NS-S2-F2-SBWG07,1,
S2_526_LSB,250910856,NS-S2-F2-SBWG07,1,
S2_626_LSB,250910970,NS-S2-F2-SBWG07,1,
S2_225_LSB,250910985,NS-S2-F2-SBWG07,1,
S2_226_LSB,250911018,NS-S2-F2-SBWG07,1,
S2_525_LSB,250911173,NS-S2-F2-SBWG07,1,
S2_625_LSB,250911238,NS-S2-F2-SBWG07,1,
S2_325_LSB,250911271,NS-S2-F2-SBWG07,1,
S2_925_LSB,250911283,NS-S2-F2-SBWG07,1,
S2_425_RSB,250911811,NS-S2-F2-SBWG07,1,
S2_925_RSB,250911816,NS-S2-F2-SBWG07,1,
S2_426_RSB,250911845,NS-S2-F2-SBWG07,1,
S2_626_RSB,250911866,NS-S2-F2-SBWG07,1,
S2_725_RSB,250912417,NS-S2-F2-SBWG07,1,
S2_1125_RSB,250912437,NS-S2-F2-SBWG07,1,
S2_225_RSB,250912463,NS-S2-F2-SBWG07,1,7
S2_326_RSB,250912524,NS-S2-F2-SBWG07,1,
S2_926_RSB,250912581,NS-S2-F2-SBWG07,1,
S2_226_RSB,250912628,NS-S2-F2-SBWG07,1,
S2_826_RSB,250912666,NS-S2-F2-SBWG07,1,
S2_1025_RSB,250912767,NS-S2-F2-SBWG07,1,
S2_825_LSB,250912902,NS-S2-F2-SBWG07,1,
S2_726_RSB,250912910,NS-S2-F2-SBWG07,1,
S2_325_RSB,250912934,NS-S2-F2-SBWG07,1,
S2_525_RSB,2508010032,NS-S2-F2-SBWG07,1,
S2_526_RSB,2508010046,NS-S2-F2-SBWG07,1,
S2_1126_RSB,2508010798,NS-S2-F2-SBWG07,1,
S2_627_RSB,24091778,NS-S2-F2-SBWG07,2,
S2_328_LSB,250910303,NS-S2-F2-SBWG07,2,
S2_828_LSB,250910488,NS-S2-F2-SBWG07,2,
S2_1127_LSB,250910575,NS-S2-F2-SBWG07,2,
S2_728_LSB,250910608,NS-S2-F2-SBWG07,2,
S2_1028_LSB,250910635,NS-S2-F2-SBWG07,2,
S2_928_LSB,250910669,NS-S2-F2-SBWG07,2,
S2_1027_LSB,250910688,NS-S2-F2-SBWG07,2,
S2_927_LSB,250910705,NS-S2-F2-SBWG07,2,
S2_727_LSB,250910772,NS-S2-F2-SBWG07,2,
S2_627_LSB,250910797,NS-S2-F2-SBWG07,2,
S2_527_LSB,250910894,NS-S2-F2-SBWG07,2,
S2_528_LSB,250910966,NS-S2-F2-SBWG07,2,
S2_1128_LSB,250910988,NS-S2-F2-SBWG07,2,
S2_228_LSB,250911013,NS-S2-F2-SBWG07,2,34
S2_827_LSB,250911045,NS-S2-F2-SBWG07,2,
S2_628_LSB,250911082,NS-S2-F2-SBWG07,2,
S2_227_LSB,250911090,NS-S2-F2-SBWG07,2,26
S2_327_LSB,250911249,NS-S2-F2-SBWG07,2,40
S2_427_LSB,250911253,NS-S2-F2-SBWG07,2,
S2_428_LSB,250911267,NS-S2-F2-SBWG07,2,
S2_1027_RSB,250911753,NS-S2-F2-SBWG07,2,
S2_1028_RSB,250911789,NS-S2-F2-SBWG07,2,
S2_827_RSB,250911826,NS-S2-F2-SBWG07,2,
S2_828_RSB,250911888,NS-S2-F2-SBWG07,2,
S2_628_RSB,250912444,NS-S2-F2-SBWG07,2,
S2_1127_RSB,250912517,NS-S2-F2-SBWG07,2,
S2_227_RSB,250912522,NS-S2-F2-SBWG07,2,4
S2_928_RSB,250912543,NS-S2-F2-SBWG07,2,
S2_1128_RSB,250912591,NS-S2-F2-SBWG07,2,
S2_927_RSB,250912595,NS-S2-F2-SBWG07,2,
S2_228_RSB,250912733,NS-S2-F2-SBWG07,2,16
S2_328_RSB,250912906,NS-S2-F2-SBWG07,2,
S2_327_RSB,250912933,NS-S2-F2-SBWG07,2,12
S2_428_RSB,250912972,NS-S2-F2-SBWG07,2,
S2_427_RSB,250912991,NS-S2-F2-SBWG07,2,
S2_727_RSB,250912996,NS-S2-F2-SBWG07,2,
S2_527_RSB,2508010017,NS-S2-F2-SBWG07,2,
S2_728_RSB,2508010042,NS-S2-F2-SBWG07,2,
S2_528_RSB,2508010909,NS-S2-F2-SBWG07,2,
S2_429_LSB,250910444,NS-S2-F2-SBWG08,1,20
S2_529_LSB,250910473,NS-S2-F2-SBWG08,1,17
S2_CSJ6_LSB,250910509,NS-S2-F2-SBWG08,1,26
S2_CSJ7_LSB,250910596,NS-S2-F2-SBWG08,1,14
S2_CSJ3_LSB,250910643,NS-S2-F2-SBWG08,1,17
S2_CSJ4_LSB,250910678,NS-S2-F2-SBWG08,1,17
S2_929_LSB,250910685,NS-S2-F2-SBWG08,1,43
S2_729_LSB,250910701,NS-S2-F2-SBWG08,1,22
S2_829_LSB,250910820,NS-S2-F2-SBWG08,1,31
S2_329_LSB,250910830,NS-S2-F2-SBWG08,1,31
S2_CSJ10_LSB,250910867,NS-S2-F2-SBWG08,1,16
S2_CSJ9_LSB,250910927,NS-S2-F2-SBWG08,1,17
S2_1129_LSB,250910936,NS-S2-F2-SBWG08,1,12
S2_629_LSB,250910972,NS-S2-F2-SBWG08,1,30
S2_CSJ2_LSB,250911022,NS-S2-F2-SBWG08,1,159
S2_CSJ8_LSB,250911026,NS-S2-F2-SBWG08,1,16
S2_229_LSB,250911031,NS-S2-F2-SBWG08,1,6
S2_CSJ11_LSB,250911056,NS-S2-F2-SBWG08,1,9
S2_CSJ5_LSB,250911179,NS-S2-F2-SBWG08,1,11
S2_1129_RSB,250911710,NS-S2-F2-SBWG08,1,7
S2_829_RSB,250911744,NS-S2-F2-SBWG08,1,9
S2_1029_LSB,250911789,NS-S2-F2-SBWG08,1,
S2_CSJ9_RSB,250911832,NS-S2-F2-SBWG08,1,0
S2_929_RSB,250911855,NS-S2-F2-SBWG08,1,20
S2_CSJ6_RSB,250912440,NS-S2-F2-SBWG08,1,3
S2_CSJ3_RSB,250912491,NS-S2-F2-SBWG08,1,5
S2_629_RSB,250912505,NS-S2-F2-SBWG08,1,15
S2_CSJ7_RSB,250912525,NS-S2-F2-SBWG08,1,0
S2_1029_RSB,250912527,NS-S2-F2-SBWG08,1,15
S2_CSJ4_RSB,250912618,NS-S2-F2-SBWG08,1,0
S2_CSJ5_RSB,250912711,NS-S2-F2-SBWG08,1,1
S2_CSJ2_RSB,250912780,NS-S2-F2-SBWG08,1,1
S2_229_RSB,250912903,NS-S2-F2-SBWG08,1,2
S2_CSJ10_RSB,250912917,NS-S2-F2-SBWG08,1,0
S2_729_RSB,250912958,NS-S2-F2-SBWG08,1,10
S2_CSJ11_RSB,250912993,NS-S2-F2-SBWG08,1,0
S2_CSJ8_RSB,2508010040,NS-S2-F2-SBWG08,1,0
S2_529_RSB,2508010755,NS-S2-F2-SBWG08,1,5
S2_329_RSB,2508010781,NS-S2-F2-SBWG08,1,14
S2_429_RSB,2508010999,NS-S2-F2-SBWG08,1,7
S2_1031_LSB,250910378,NS-S2-F2-SBWG08,2,4
S2_1131_LSB,250910415,NS-S2-F2-SBWG08,2,29
S2_730_LSB,250910552,NS-S2-F2-SBWG08,2,13
S2_230_LSB,250910565,NS-S2-F2-SBWG08,2,7
S2_430_LSB,250910614,NS-S2-F2-SBWG08,2,41
S2_1030_LSB,250910640,NS-S2-F2-SBWG08,2,23
S2_431_LSB,250910648,NS-S2-F2-SBWG08,2,37
S2_530_LSB,250910727,NS-S2-F2-SBWG08,2,17
S2_931_LSB,250910803,NS-S2-F2-SBWG08,2,31
S2_330_LSB,250910846,NS-S2-F2-SBWG08,2,40
S2_1130_LSB,250910908,NS-S2-F2-SBWG08,2,15
S2_930_LSB,250910912,NS-S2-F2-SBWG08,2,11
S2_631_LSB,250910935,NS-S2-F2-SBWG08,2,13
S2_630_LSB,250910949,NS-S2-F2-SBWG08,2,43
S2_531_LSB,250910954,NS-S2-F2-SBWG08,2,21
S2_830_LSB,250911036,NS-S2-F2-SBWG08,2,35
S2_231_LSB,250911061,NS-S2-F2-SBWG08,2,22
S2_731_LSB,250911088,NS-S2-F2-SBWG08,2,18
S2_331_LSB,250911106,NS-S2-F2-SBWG08,2,22
S2_831_LSB,250911125,NS-S2-F2-SBWG08,2,37
S2_1131_RSB,250911701,NS-S2-F2-SBWG08,2,7
S2_1130_RSB,250911764,NS-S2-F2-SBWG08,2,5
S2_330_RSB,250911802,NS-S2-F2-SBWG08,2,16
S2_331_RSB,250912473,NS-S2-F2-SBWG08,2,9
S2_1031_RSB,250912514,NS-S2-F2-SBWG08,2,2
S2_631_RSB,250912535,NS-S2-F2-SBWG08,2,5
S2_931_RSB,250912640,NS-S2-F2-SBWG08,2,11
S2_531_RSB,250912720,NS-S2-F2-SBWG08,2,6
S2_1030_RSB,250912759,NS-S2-F2-SBWG08,2,5
S2_530_RSB,250912774,NS-S2-F2-SBWG08,2,8
S2_731_RSB,250912792,NS-S2-F2-SBWG08,2,8
S2_730_RSB,250912948,NS-S2-F2-SBWG08,2,13
S2_231_RSB,250912952,NS-S2-F2-SBWG08,2,7
S2_930_RSB,2508010715,NS-S2-F2-SBWG08,2,3
S2_630_RSB,2508010718,NS-S2-F2-SBWG08,2,10
S2_230_RSB,2508010743,NS-S2-F2-SBWG08,2,2
S2_831_RSB,2508010751,NS-S2-F2-SBWG08,2,9
S2_830_RSB,2508010932,NS-S2-F2-SBWG08,2,10
S2_430_RSB,2508010965,NS-S2-F2-SBWG08,2,14
S2_431_RSB,2508010983,NS-S2-F2-SBWG08,2,27
S3_402_LSB,250910322,NS-S3-F2-SBWG01,1,23
S3_1102_LSB,250910333,NS-S3-F2-SBWG01,1,
S3_1001_LSB,250910345,NS-S3-F2-SBWG01,1,
S3_601_LSB,250910355,NS-S3-F2-SBWG01,1,38
S3_401_LSB,250910361,NS-S3-F2-SBWG01,1,45
S3_902_LSB,250910364,NS-S3-F2-SBWG01,1,8
S3_301_LSB,250910523,NS-S3-F2-SBWG01,1,35
S3_201_LSB,250910526,NS-S3-F2-SBWG01,1,1
S3_202_LSB,250910531,NS-S3-F2-SBWG01,1,12
S3_1101_LSB,250910728,NS-S3-F2-SBWG01,1,
S3_302_LSB,250910940,NS-S3-F2-SBWG01,1,2
S3_801_LSB,250910999,NS-S3-F2-SBWG01,1,12
S3_901_LSB,250911207,NS-S3-F2-SBWG01,1,3
S3_501_LSB,250911234,NS-S3-F2-SBWG01,1,12
S3_1002_LSB,250911247,NS-S3-F2-SBWG01,1,
S3_602_LSB,250911270,NS-S3-F2-SBWG01,1,41
S3_502_LSB,250911297,NS-S3-F2-SBWG01,1,60
S3_701_LSB,2508010817,NS-S3-F2-SBWG01,1,13
S3_101_LSB,2508010842,NS-S3-F2-SBWG01,1,25
S3_102_LSB,2508010875,NS-S3-F2-SBWG01,1,13
S3_802_LSB,2509109455,NS-S3-F2-SBWG01,1,
S3_903_LSB,250910318,NS-S3-F2-SBWG01,2,16
S3_1103_LSB,250910319,NS-S3-F2-SBWG01,2,8
S3_604_LSB,250910346,NS-S3-F2-SBWG01,2,51
S3_603_LSB,250910354,NS-S3-F2-SBWG01,2,52
S3_904_LSB,250910375,NS-S3-F2-SBWG01,2,23
S3_204_LSB,250910427,NS-S3-F2-SBWG01,2,
S3_203_LSB,250910448,NS-S3-F2-SBWG01,2,39
S3_803_LSB,250910532,NS-S3-F2-SBWG01,2,24
S3_503_LSB,250910691,NS-S3-F2-SBWG01,2,21
S3_403_LSB,250910710,NS-S3-F2-SBWG01,2,43
S3_304_LSB,250910809,NS-S3-F2-SBWG01,2,3
S3_1104_LSB,250910871,NS-S3-F2-SBWG01,2,9
S3_804_LSB,250910945,NS-S3-F2-SBWG01,2,
S3_404_LSB,250911046,NS-S3-F2-SBWG01,2,46
S3_303_LSB,250911070,NS-S3-F2-SBWG01,2,3
S3_1004_LSB,250911211,NS-S3-F2-SBWG01,2,31
S3_1003_LSB,250911228,NS-S3-F2-SBWG01,2,17
S3_504_LSB,250911241,NS-S3-F2-SBWG01,2,4
S3_702_LSB,2508010847,NS-S3-F2-SBWG01,2,0
S3_104_LSB,2508010868,NS-S3-F2-SBWG01,2,38
S3_103_LSB,2508010881,NS-S3-F2-SBWG01,2,13
S3_406_LSB,250910310,NS-S3-F2-SBWG01,3,
S3_906_LSB,250910368,NS-S3-F2-SBWG01,3,
S3_806_LSB,250910446,NS-S3-F2-SBWG01,3,
S3_305_LSB,250910475,NS-S3-F2-SBWG01,3,
S3_1006_LSB,250910518,NS-S3-F2-SBWG01,3,
S3_606_LSB,250910579,NS-S3-F2-SBWG01,3,
S3_905_LSB,250910582,NS-S3-F2-SBWG01,3,
S3_506_LSB,250910695,NS-S3-F2-SBWG01,3,
S3_805_LSB,250910736,NS-S3-F2-SBWG01,3,
S3_505_LSB,250910800,NS-S3-F2-SBWG01,3,
S3_1106_LSB,250910806,NS-S3-F2-SBWG01,3,
S3_206_LSB,250910850,NS-S3-F2-SBWG01,3,2
S3_1105_LSB,250910893,NS-S3-F2-SBWG01,3,
S3_205_LSB,250910921,NS-S3-F2-SBWG01,3,35
S3_605_LSB,250910977,NS-S3-F2-SBWG01,3,
S3_306_LSB,250910989,NS-S3-F2-SBWG01,3,
S3_1005_LSB,250911072,NS-S3-F2-SBWG01,3,
S3_405_LSB,250911260,NS-S3-F2-SBWG01,3,
S3_703_LSB,2508010195,NS-S3-F2-SBWG01,3,
S3_105_LSB,2508010835,NS-S3-F2-SBWG01,3,
S3_1107_LSB,250910340,NS-S3-F2-SBWG01,4,4
S3_907_LSB,250910381,NS-S3-F2-SBWG01,4,4
S3_1007_LSB,250910522,NS-S3-F2-SBWG01,4,9
S3_208_LSB,250910545,NS-S3-F2-SBWG01,4,34
S3_607_LSB,250910553,NS-S3-F2-SBWG01,4,49
S3_407_LSB,250910561,NS-S3-F2-SBWG01,4,37
S3_207_LSB,250910570,NS-S3-F2-SBWG01,4,40
S3_608_LSB,250910592,NS-S3-F2-SBWG01,4,23
S3_1108_LSB,250910617,NS-S3-F2-SBWG01,4,6
S3_408_LSB,250910619,NS-S3-F2-SBWG01,4,21
S3_507_LSB,250910730,NS-S3-F2-SBWG01,4,50
S3_508_LSB,250910762,NS-S3-F2-SBWG01,4,34
S3_1008_LSB,250910929,NS-S3-F2-SBWG01,4,18
S3_807_LSB,250910994,NS-S3-F2-SBWG01,4,13
S3_308_LSB,250911040,NS-S3-F2-SBWG01,4,19
S3_307_LSB,250911067,NS-S3-F2-SBWG01,4,45
S3_908_LSB,250911295,NS-S3-F2-SBWG01,4,9
S3_106_LSB,2508010826,NS-S3-F2-SBWG01,4,21
S3_704_LSB,2508010877,NS-S3-F2-SBWG01,4,1
S3_107_LSB,2508010891,NS-S3-F2-SBWG01,4,2
S3_808_LSB,2509111589,NS-S3-F2-SBWG01,4,
S3_410_LSB,250910385,NS-S3-F2-SBWG02,1,
S3_1110_LSB,250910398,NS-S3-F2-SBWG02,1,
S3_209_LSB,250910506,NS-S3-F2-SBWG02,1,
S3_810_LSB,250910530,NS-S3-F2-SBWG02,1,
S3_610_LSB,250910533,NS-S3-F2-SBWG02,1,
S3_210_LSB,250910556,NS-S3-F2-SBWG02,1,
S3_1109_LSB,250910654,NS-S3-F2-SBWG02,1,
S3_509_LSB,250910684,NS-S3-F2-SBWG02,1,
S3_409_LSB,250910690,NS-S3-F2-SBWG02,1,
S3_910_LSB,250910696,NS-S3-F2-SBWG02,1,
S3_510_LSB,250910756,NS-S3-F2-SBWG02,1,
S3_309_LSB,250911025,NS-S3-F2-SBWG02,1,
S3_310_LSB,250911093,NS-S3-F2-SBWG02,1,
S3_1009_LSB,250911135,NS-S3-F2-SBWG02,1,
S3_809_LSB,250911137,NS-S3-F2-SBWG02,1,
S3_1010_LSB,250911148,NS-S3-F2-SBWG02,1,
S3_909_LSB,250911176,NS-S3-F2-SBWG02,1,
S3_109_LSB,2508010169,NS-S3-F2-SBWG02,1,
S3_108_LSB,2508010803,NS-S3-F2-SBWG02,1,
S3_705_LSB,2508010844,NS-S3-F2-SBWG02,1,
S3_609_LSB,2509105598,NS-S3-F2-SBWG02,1,
S3_511_LSB,250910309,NS-S3-F2-SBWG02,2,34
S3_1111_LSB,250910371,NS-S3-F2-SBWG02,2,7
S3_211_LSB,250910520,NS-S3-F2-SBWG02,2,7
S3_611_LSB,250910537,NS-S3-F2-SBWG02,2,10
S3_612_LSB,250910549,NS-S3-F2-SBWG02,2,39
S3_212_LSB,250910585,NS-S3-F2-SBWG02,2,29
S3_911_LSB,250910657,NS-S3-F2-SBWG02,2,19
S3_512_LSB,250910737,NS-S3-F2-SBWG02,2,39
S3_312_LSB,250910901,NS-S3-F2-SBWG02,2,49
S3_311_LSB,250910960,NS-S3-F2-SBWG02,2,33
S3_1011_LSB,250911112,NS-S3-F2-SBWG02,2,149
S3_1012_LSB,250911143,NS-S3-F2-SBWG02,2,18
S3_411_LSB,250911152,NS-S3-F2-SBWG02,2,24
S3_412_LSB,250911175,NS-S3-F2-SBWG02,2,1
S3_912_LSB,250911205,NS-S3-F2-SBWG02,2,12
S3_811_LSB,250911209,NS-S3-F2-SBWG02,2,10
S3_1112_LSB,250911212,NS-S3-F2-SBWG02,2,3
S3_812_LSB,250911293,NS-S3-F2-SBWG02,2,5
S3_706_LSB,2508010109,NS-S3-F2-SBWG02,2,11
S3_110_LSB,2508010855,NS-S3-F2-SBWG02,2,0
S3_111_LSB,2508010899,NS-S3-F2-SBWG02,2,34
S3_202_RSB,240410081,NS-S3-F2-SBWG02,3,
S3_701_RSB,250900054,NS-S3-F2-SBWG02,3,3
S3_301_RSB,250911757,NS-S3-F2-SBWG02,3,13
S3_101_RSB,250911865,NS-S3-F2-SBWG02,3,11
S3_1102_RSB,250912402,NS-S3-F2-SBWG02,3,
S3_1002_RSB,250912414,NS-S3-F2-SBWG02,3,
S3_801_RSB,250912447,NS-S3-F2-SBWG02,3,4
S3_302_RSB,250912551,NS-S3-F2-SBWG02,3,1
S3_601_RSB,250912579,NS-S3-F2-SBWG02,3,10
S3_902_RSB,250912617,NS-S3-F2-SBWG02,3,5
S3_102_RSB,250912671,NS-S3-F2-SBWG02,3,6
S3_1101_RSB,250912695,NS-S3-F2-SBWG02,3,
S3_802_RSB,250912716,NS-S3-F2-SBWG02,3,2
S3_201_RSB,250912938,NS-S3-F2-SBWG02,3,0
S3_901_RSB,250912997,NS-S3-F2-SBWG02,3,1
S3_502_RSB,2508010010,NS-S3-F2-SBWG02,3,11
S3_501_RSB,2508010760,NS-S3-F2-SBWG02,3,5
S3_1001_RSB,2508010910,NS-S3-F2-SBWG02,3,
S3_602_RSB,2508010928,NS-S3-F2-SBWG02,3,15
S3_401_RSB,2508010972,NS-S3-F2-SBWG02,3,15
S3_402_RSB,2508010979,NS-S3-F2-SBWG02,3,11
S3_702_RSB,250900100,NS-S3-F2-SBWG02,4,0
S3_1103_RSB,250911772,NS-S3-F2-SBWG02,4,3
S3_104_RSB,250911815,NS-S3-F2-SBWG02,4,16
S3_303_RSB,250911869,NS-S3-F2-SBWG02,4,1
S3_904_RSB,250912466,NS-S3-F2-SBWG02,4,5
S3_204_RSB,250912489,NS-S3-F2-SBWG02,4,
S3_504_RSB,250912508,NS-S3-F2-SBWG02,4,4
S3_503_RSB,250912513,NS-S3-F2-SBWG02,4,5
S3_1104_RSB,250912668,NS-S3-F2-SBWG02,4,6
S3_304_RSB,250912682,NS-S3-F2-SBWG02,4,1
S3_803_RSB,250912745,NS-S3-F2-SBWG02,4,7
S3_203_RSB,250912905,NS-S3-F2-SBWG02,4,15
S3_103_RSB,250912911,NS-S3-F2-SBWG02,4,2
S3_903_RSB,250912979,NS-S3-F2-SBWG02,4,3
S3_804_RSB,2508010027,NS-S3-F2-SBWG02,4,
S3_603_RSB,2508010903,NS-S3-F2-SBWG02,4,20
S3_403_RSB,2508010920,NS-S3-F2-SBWG02,4,16
S3_404_RSB,2508010939,NS-S3-F2-SBWG02,4,22
S3_1004_RSB,2508010944,NS-S3-F2-SBWG02,4,16
S3_1003_RSB,2508010949,NS-S3-F2-SBWG02,4,10
S3_604_RSB,2508010982,NS-S3-F2-SBWG02,4,17
S3_206_RSB,240410005,NS-S3-F2-SBWG03,1,
S3_703_RSB,250900013,NS-S3-F2-SBWG03,1,
S3_305_RSB,250911737,NS-S3-F2-SBWG03,1,
S3_205_RSB,250911743,NS-S3-F2-SBWG03,1,
S3_306_RSB,250911760,NS-S3-F2-SBWG03,1,
S3_1106_RSB,250911761,NS-S3-F2-SBWG03,1,
S3_405_RSB,250911874,NS-S3-F2-SBWG03,1,
S3_805_RSB,250912422,NS-S3-F2-SBWG03,1,
S3_506_RSB,250912474,NS-S3-F2-SBWG03,1,
S3_105_RSB,250912661,NS-S3-F2-SBWG03,1,
S3_505_RSB,250912701,NS-S3-F2-SBWG03,1,
S3_806_RSB,250912788,NS-S3-F2-SBWG03,1,
S3_1105_RSB,250912795,NS-S3-F2-SBWG03,1,
S3_406_RSB,250912904,NS-S3-F2-SBWG03,1,
S3_906_RSB,2508010005,NS-S3-F2-SBWG03,1,
S3_1006_RSB,2508010055,NS-S3-F2-SBWG03,1,
S3_1005_RSB,2508010067,NS-S3-F2-SBWG03,1,
S3_605_RSB,2508010738,NS-S3-F2-SBWG03,1,
S3_606_RSB,2508010776,NS-S3-F2-SBWG03,1,
S3_905_RSB,2508010797,NS-S3-F2-SBWG03,1,
S3_704_RSB,250900031,NS-S3-F2-SBWG03,2,
S3_607_RSB,250911768,NS-S3-F2-SBWG03,2,
S3_308_RSB,250911782,NS-S3-F2-SBWG03,2,
S3_106_RSB,250911799,NS-S3-F2-SBWG03,2,
S3_208_RSB,250911838,NS-S3-F2-SBWG03,2,
S3_907_RSB,250911849,NS-S3-F2-SBWG03,2,
S3_908_RSB,250911852,NS-S3-F2-SBWG03,2,
S3_408_RSB,250911878,NS-S3-F2-SBWG03,2,
S3_1007_RSB,250912470,NS-S3-F2-SBWG03,2,
S3_1107_RSB,250912644,NS-S3-F2-SBWG03,2,
S3_307_RSB,250912647,NS-S3-F2-SBWG03,2,
S3_407_RSB,250912940,NS-S3-F2-SBWG03,2,
S3_107_RSB,250912950,NS-S3-F2-SBWG03,2,
S3_207_RSB,250912987,NS-S3-F2-SBWG03,2,
S3_507_RSB,2508010001,NS-S3-F2-SBWG03,2,
S3_1008_RSB,2508010025,NS-S3-F2-SBWG03,2,
S3_808_RSB,2508010053,NS-S3-F2-SBWG03,2,
S3_807_RSB,2508010068,NS-S3-F2-SBWG03,2,
S3_508_RSB,2508010086,NS-S3-F2-SBWG03,2,
S3_1108_RSB,2508010763,NS-S3-F2-SBWG03,2,
S3_608_RSB,2508010984,NS-S3-F2-SBWG03,2,
S3_705_RSB,250900028,NS-S3-F2-SBWG03,3,
S3_310_RSB,250911718,NS-S3-F2-SBWG03,3,
S3_309_RSB,250911731,NS-S3-F2-SBWG03,3,
S3_109_RSB,250911784,NS-S3-F2-SBWG03,3,
S3_810_RSB,250911833,NS-S3-F2-SBWG03,3,
S3_410_RSB,250911858,NS-S3-F2-SBWG03,3,
S3_409_RSB,250911876,NS-S3-F2-SBWG03,3,
S3_108_RSB,250911889,NS-S3-F2-SBWG03,3,
S3_1009_RSB,250912408,NS-S3-F2-SBWG03,3,
S3_910_RSB,250912427,NS-S3-F2-SBWG03,3,
S3_1109_RSB,250912715,NS-S3-F2-SBWG03,3,
S3_809_RSB,250912747,NS-S3-F2-SBWG03,3,
S3_1010_RSB,250912915,NS-S3-F2-SBWG03,3,
S3_509_RSB,2508010002,NS-S3-F2-SBWG03,3,
S3_510_RSB,2508010011,NS-S3-F2-SBWG03,3,
S3_210_RSB,2508010023,NS-S3-F2-SBWG03,3,
S3_909_RSB,2508010076,NS-S3-F2-SBWG03,3,
S3_1110_RSB,2508010735,NS-S3-F2-SBWG03,3,
S3_209_RSB,2508010929,NS-S3-F2-SBWG03,3,
S3_609_RSB,2508010938,NS-S3-F2-SBWG03,3,
S3_610_RSB,2508010947,NS-S3-F2-SBWG03,3,
S3_706_RSB,250900020,NS-S3-F2-SBWG03,4,
S3_111_RSB,250911728,NS-S3-F2-SBWG03,4,
S3_212_RSB,250911822,NS-S3-F2-SBWG03,4,
S3_411_RSB,250911900,NS-S3-F2-SBWG03,4,
S3_511_RSB,250912492,NS-S3-F2-SBWG03,4,
S3_412_RSB,250912506,NS-S3-F2-SBWG03,4,
S3_311_RSB,250912523,NS-S3-F2-SBWG03,4,
S3_912_RSB,250912526,NS-S3-F2-SBWG03,4,
S3_1111_RSB,250912555,NS-S3-F2-SBWG03,4,
S3_211_RSB,250912612,NS-S3-F2-SBWG03,4,
S3_812_RSB,250912702,NS-S3-F2-SBWG03,4,
S3_611_RSB,250912710,NS-S3-F2-SBWG03,4,
S3_811_RSB,250912721,NS-S3-F2-SBWG03,4,
S3_911_RSB,250912973,NS-S3-F2-SBWG03,4,
S3_110_RSB,2508010045,NS-S3-F2-SBWG03,4,
S3_1112_RSB,2508010092,NS-S3-F2-SBWG03,4,
S3_312_RSB,2508010765,NS-S3-F2-SBWG03,4,
S3_1011_RSB,2508010770,NS-S3-F2-SBWG03,4,
S3_1012_RSB,2508010779,NS-S3-F2-SBWG03,4,
S3_612_RSB,2508010931,NS-S3-F2-SBWG03,4,
S3_512_RSB,2508010981,NS-S3-F2-SBWG03,4,
S3_1114_LSB,250910332,NS-S3-F2-SBWG04,1,
S3_614_LSB,250910343,NS-S3-F2-SBWG04,1,18
S3_514_LSB,250910348,NS-S3-F2-SBWG04,1,13
S3_613_LSB,250910377,NS-S3-F2-SBWG04,1,17
S3_213_LSB,250910508,NS-S3-F2-SBWG04,1,1
S3_814_LSB,250910567,NS-S3-F2-SBWG04,1,12
S3_513_LSB,250910642,NS-S3-F2-SBWG04,1,43
S3_1013_LSB,250910885,NS-S3-F2-SBWG04,1,
S3_1014_LSB,250910910,NS-S3-F2-SBWG04,1,
S3_313_LSB,250910928,NS-S3-F2-SBWG04,1,2
S3_314_LSB,250910980,NS-S3-F2-SBWG04,1,30
S3_414_LSB,250911048,NS-S3-F2-SBWG04,1,14
S3_214_LSB,250911094,NS-S3-F2-SBWG04,1,7
S3_413_LSB,250911109,NS-S3-F2-SBWG04,1,6
S3_914_LSB,250911116,NS-S3-F2-SBWG04,1,32
S3_913_LSB,250911188,NS-S3-F2-SBWG04,1,13
S3_813_LSB,250911248,NS-S3-F2-SBWG04,1,3
S3_1113_LSB,250911257,NS-S3-F2-SBWG04,1,
S3_112_LSB,2508010822,NS-S3-F2-SBWG04,1,3
S3_707_LSB,2508010853,NS-S3-F2-SBWG04,1,1
S3_515_LSB,250910611,NS-S3-F2-SBWG04,2,19
S3_1116_LSB,250910779,NS-S3-F2-SBWG04,2,3
S3_1015_LSB,250910812,NS-S3-F2-SBWG04,2,13
S3_1016_LSB,250910937,NS-S3-F2-SBWG04,2,46
S3_516_LSB,250910939,NS-S3-F2-SBWG04,2,41
S3_816_LSB,250910943,NS-S3-F2-SBWG04,2,11
S3_316_LSB,250911021,NS-S3-F2-SBWG04,2,24
S3_315_LSB,250911077,NS-S3-F2-SBWG04,2,7
S3_215_LSB,250911095,NS-S3-F2-SBWG04,2,30
S3_216_LSB,250911097,NS-S3-F2-SBWG04,2,23
S3_916_LSB,250911149,NS-S3-F2-SBWG04,2,24
S3_915_LSB,250911160,NS-S3-F2-SBWG04,2,11
S3_1115_LSB,250911227,NS-S3-F2-SBWG04,2,
S3_416_LSB,250911259,NS-S3-F2-SBWG04,2,3
S3_415_LSB,250911268,NS-S3-F2-SBWG04,2,1
S3_815_LSB,250911278,NS-S3-F2-SBWG04,2,9
S3_615_LSB,250911296,NS-S3-F2-SBWG04,2,14
S3_616_LSB,250911300,NS-S3-F2-SBWG04,2,26
S3_113_LSB,2508010200,NS-S3-F2-SBWG04,2,0
S3_114_LSB,2508010802,NS-S3-F2-SBWG04,2,1
S3_708_LSB,2508010873,NS-S3-F2-SBWG04,2,0
S3_317_LSB,250910447,NS-S3-F2-SBWG04,3,
S3_218_LSB,250910541,NS-S3-F2-SBWG04,3,
S3_618_LSB,250910559,NS-S3-F2-SBWG04,3,
S3_918_LSB,250910627,NS-S3-F2-SBWG04,3,
S3_917_LSB,250910646,NS-S3-F2-SBWG04,3,
S3_1118_LSB,250910649,NS-S3-F2-SBWG04,3,
S3_517_LSB,250910752,NS-S3-F2-SBWG04,3,
S3_518_LSB,250910784,NS-S3-F2-SBWG04,3,
S3_217_LSB,250910849,NS-S3-F2-SBWG04,3,
S3_1018_LSB,250910934,NS-S3-F2-SBWG04,3,
S3_818_LSB,250910963,NS-S3-F2-SBWG04,3,
S3_1117_LSB,250910978,NS-S3-F2-SBWG04,3,
S3_1017_LSB,250910981,NS-S3-F2-SBWG04,3,
S3_617_LSB,250910993,NS-S3-F2-SBWG04,3,
S3_318_LSB,250911011,NS-S3-F2-SBWG04,3,
S3_417_LSB,250911114,NS-S3-F2-SBWG04,3,
S3_817_LSB,250911164,NS-S3-F2-SBWG04,3,
S3_418_LSB,250911214,NS-S3-F2-SBWG04,3,
S3_116_LSB,2508010806,NS-S3-F2-SBWG04,3,
S3_115_LSB,2508010808,NS-S3-F2-SBWG04,3,
S3_709_LSB,2508010865,NS-S3-F2-SBWG04,3,
S3_520_LSB,250910351,NS-S3-F2-SBWG04,4,
S3_519_LSB,250910607,NS-S3-F2-SBWG04,4,
S3_1119_LSB,250910623,NS-S3-F2-SBWG04,4,
S3_919_LSB,250910650,NS-S3-F2-SBWG04,4,
S3_920_LSB,250910700,NS-S3-F2-SBWG04,4,
S3_710_LSB,250910760,NS-S3-F2-SBWG04,4,
S3_320_LSB,250910791,NS-S3-F2-SBWG04,4,
S3_1020_LSB,250910822,NS-S3-F2-SBWG04,4,
S3_1019_LSB,250910839,NS-S3-F2-SBWG04,4,
S3_219_LSB,250910844,NS-S3-F2-SBWG04,4,
S3_220_LSB,250910861,NS-S3-F2-SBWG04,4,
S3_619_LSB,250910931,NS-S3-F2-SBWG04,4,
S3_711_LSB,250910975,NS-S3-F2-SBWG04,4,
S3_1120_LSB,250910979,NS-S3-F2-SBWG04,4,
S3_620_LSB,250910982,NS-S3-F2-SBWG04,4,
S3_419_LSB,250911028,NS-S3-F2-SBWG04,4,
S3_319_LSB,250911081,NS-S3-F2-SBWG04,4,
S3_420_LSB,250911110,NS-S3-F2-SBWG04,4,
S3_819_LSB,250911118,NS-S3-F2-SBWG04,4,
S3_820_LSB,250911142,NS-S3-F2-SBWG04,4,
S3_1122_LSB,250910312,NS-S3-F2-SBWG05,1,20
S3_622_LSB,250910338,NS-S3-F2-SBWG05,1,4
S3_712_LSB,250910392,NS-S3-F2-SBWG05,1,11
S3_322_LSB,250910402,NS-S3-F2-SBWG05,1,15
S3_321_LSB,250910414,NS-S3-F2-SBWG05,1,9
S3_821_LSB,250910577,NS-S3-F2-SBWG05,1,10
S3_921_LSB,250910645,NS-S3-F2-SBWG05,1,10
S3_522_LSB,250910721,NS-S3-F2-SBWG05,1,31
S3_521_LSB,250910729,NS-S3-F2-SBWG05,1,47
S3_922_LSB,250910780,NS-S3-F2-SBWG05,1,5
S3_1022_LSB,250910868,NS-S3-F2-SBWG05,1,17
S3_1021_LSB,250910884,NS-S3-F2-SBWG05,1,9
S3_822_LSB,250910914,NS-S3-F2-SBWG05,1,12
S3_621_LSB,250910923,NS-S3-F2-SBWG05,1,38
S3_1121_LSB,250910944,NS-S3-F2-SBWG05,1,3
S3_713_LSB,250910950,NS-S3-F2-SBWG05,1,14
S3_222_LSB,250911017,NS-S3-F2-SBWG05,1,7
S3_421_LSB,250911044,NS-S3-F2-SBWG05,1,5
S3_221_LSB,250911066,NS-S3-F2-SBWG05,1,1
S3_422_LSB,250911076,NS-S3-F2-SBWG05,1,8
S3_1023_LSB,250910305,NS-S3-F2-SBWG05,2,25
S3_623_LSB,250910317,NS-S3-F2-SBWG05,2,65
S3_714_LSB,250910356,NS-S3-F2-SBWG05,2,1
S3_1124_LSB,250910373,NS-S3-F2-SBWG05,2,6
S3_824_LSB,250910517,NS-S3-F2-SBWG05,2,21
S3_224_LSB,250910566,NS-S3-F2-SBWG05,2,38
S3_223_LSB,250910584,NS-S3-F2-SBWG05,2,35
S3_924_LSB,250910660,NS-S3-F2-SBWG05,2,19
S3_923_LSB,250910666,NS-S3-F2-SBWG05,2,17
S3_524_LSB,250910742,NS-S3-F2-SBWG05,2,1
S3_715_LSB,250910776,NS-S3-F2-SBWG05,2,11
S3_523_LSB,250910786,NS-S3-F2-SBWG05,2,11
S3_324_LSB,250910906,NS-S3-F2-SBWG05,2,2
S3_624_LSB,250910987,NS-S3-F2-SBWG05,2,41
S3_323_LSB,250910995,NS-S3-F2-SBWG05,2,9
S3_823_LSB,250910997,NS-S3-F2-SBWG05,2,20
S3_423_LSB,250911001,NS-S3-F2-SBWG05,2,4
S3_424_LSB,250911162,NS-S3-F2-SBWG05,2,54
S3_1024_LSB,250911200,NS-S3-F2-SBWG05,2,604
S3_1123_LSB,250911242,NS-S3-F2-SBWG05,2,6
S3_707_RSB,250900096,NS-S3-F2-SBWG05,3,1
S3_414_RSB,250911767,NS-S3-F2-SBWG05,3,4
S3_814_RSB,250911827,NS-S3-F2-SBWG05,3,2
S3_112_RSB,250911875,NS-S3-F2-SBWG05,3,3
S3_613_RSB,250912446,NS-S3-F2-SBWG05,3,4
S3_914_RSB,250912493,NS-S3-F2-SBWG05,3,15
S3_514_RSB,250912497,NS-S3-F2-SBWG05,3,4
S3_413_RSB,250912501,NS-S3-F2-SBWG05,3,3
S3_313_RSB,250912568,NS-S3-F2-SBWG05,3,1
S3_214_RSB,250912592,NS-S3-F2-SBWG05,3,1
S3_813_RSB,250912776,NS-S3-F2-SBWG05,3,1
S3_1014_RSB,250912793,NS-S3-F2-SBWG05,3,
S3_1013_RSB,250912968,NS-S3-F2-SBWG05,3,
S3_1113_RSB,2508010009,NS-S3-F2-SBWG05,3,
S3_314_RSB,2508010038,NS-S3-F2-SBWG05,3,15
S3_213_RSB,2508010087,NS-S3-F2-SBWG05,3,0
S3_913_RSB,2508010795,NS-S3-F2-SBWG05,3,3
S3_513_RSB,2508010906,NS-S3-F2-SBWG05,3,11
S3_614_RSB,2508010956,NS-S3-F2-SBWG05,3,11
S3_1114_RSB,2508010960,NS-S3-F2-SBWG05,3,
S3_708_RSB,250900006,NS-S3-F2-SBWG05,4,
S3_415_RSB,250911713,NS-S3-F2-SBWG05,4,
S3_114_RSB,250911739,NS-S3-F2-SBWG05,4,
S3_113_RSB,250911830,NS-S3-F2-SBWG05,4,
S3_815_RSB,250911868,NS-S3-F2-SBWG05,4,
S3_315_RSB,250911880,NS-S3-F2-SBWG05,4,
S3_916_RSB,250912442,NS-S3-F2-SBWG05,4,
S3_515_RSB,250912453,NS-S3-F2-SBWG05,4,
S3_416_RSB,250912519,NS-S3-F2-SBWG05,4,
S3_216_RSB,250912567,NS-S3-F2-SBWG05,4,
S3_615_RSB,250912601,NS-S3-F2-SBWG05,4,
S3_1115_RSB,250912633,NS-S3-F2-SBWG05,4,
S3_316_RSB,250912646,NS-S3-F2-SBWG05,4,
S3_616_RSB,250912697,NS-S3-F2-SBWG05,4,
S3_816_RSB,250912764,NS-S3-F2-SBWG05,4,
S3_1016_RSB,250912775,NS-S3-F2-SBWG05,4,
S3_915_RSB,250912930,NS-S3-F2-SBWG05,4,
S3_215_RSB,250912942,NS-S3-F2-SBWG05,4,
S3_1015_RSB,2508010914,NS-S3-F2-SBWG05,4,
S3_516_RSB,2508010954,NS-S3-F2-SBWG05,4,
S3_1116_RSB,2508010989,NS-S3-F2-SBWG05,4,
S3_709_RSB,250900026,NS-S3-F2-SBWG06,1,
S3_1117_RSB,250911824,NS-S3-F2-SBWG06,1,
S3_918_RSB,250911831,NS-S3-F2-SBWG06,1,
S3_917_RSB,250912532,NS-S3-F2-SBWG06,1,
S3_418_RSB,250912599,NS-S3-F2-SBWG06,1,
S3_1118_RSB,250912639,NS-S3-F2-SBWG06,1,
S3_116_RSB,250912689,NS-S3-F2-SBWG06,1,
S3_817_RSB,250912726,NS-S3-F2-SBWG06,1,
S3_518_RSB,250912746,NS-S3-F2-SBWG06,1,
S3_417_RSB,250912943,NS-S3-F2-SBWG06,1,
S3_217_RSB,2508010015,NS-S3-F2-SBWG06,1,
S3_617_RSB,2508010709,NS-S3-F2-SBWG06,1,
S3_318_RSB,2508010741,NS-S3-F2-SBWG06,1,
S3_115_RSB,2508010750,NS-S3-F2-SBWG06,1,
S3_218_RSB,2508010777,NS-S3-F2-SBWG06,1,
S3_618_RSB,2508010789,NS-S3-F2-SBWG06,1,
S3_317_RSB,2508010790,NS-S3-F2-SBWG06,1,
S3_517_RSB,2508010927,NS-S3-F2-SBWG06,1,
S3_1018_RSB,2508010987,NS-S3-F2-SBWG06,1,
S3_1017_RSB,2508010991,NS-S3-F2-SBWG06,1,
S3_818_RSB,2509127282,NS-S3-F2-SBWG06,1,
S3_920_RSB,250911730,NS-S3-F2-SBWG06,2,
S3_1120_RSB,250911800,NS-S3-F2-SBWG06,2,
S3_320_RSB,250911807,NS-S3-F2-SBWG06,2,
S3_919_RSB,250911853,NS-S3-F2-SBWG06,2,
S3_820_RSB,250911881,NS-S3-F2-SBWG06,2,
S3_819_RSB,250912534,NS-S3-F2-SBWG06,2,
S3_520_RSB,250912566,NS-S3-F2-SBWG06,2,
S3_619_RSB,250912574,NS-S3-F2-SBWG06,2,
S3_420_RSB,250912642,NS-S3-F2-SBWG06,2,
S3_1020_RSB,250912768,NS-S3-F2-SBWG06,2,
S3_710_RSB,250912772,NS-S3-F2-SBWG06,2,
S3_419_RSB,250912992,NS-S3-F2-SBWG06,2,
S3_220_RSB,2508010029,NS-S3-F2-SBWG06,2,
S3_219_RSB,2508010081,NS-S3-F2-SBWG06,2,
S3_319_RSB,2508010708,NS-S3-F2-SBWG06,2,
S3_620_RSB,2508010752,NS-S3-F2-SBWG06,2,
S3_1119_RSB,2508010761,NS-S3-F2-SBWG06,2,
S3_711_RSB,2508010959,NS-S3-F2-SBWG06,2,
S3_1019_RSB,2508010970,NS-S3-F2-SBWG06,2,
S3_519_RSB,2508010975,NS-S3-F2-SBWG06,2,
S3_422_RSB,,NS-S3-F2-SBWG06,3,
S3_321_RSB,250911717,NS-S3-F2-SBWG06,3,4
S3_221_RSB,250911828,NS-S3-F2-SBWG06,3,0
S3_921_RSB,250911856,NS-S3-F2-SBWG06,3,3
S3_713_RSB,250912423,NS-S3-F2-SBWG06,3,4
S3_622_RSB,250912455,NS-S3-F2-SBWG06,3,2
S3_922_RSB,250912485,NS-S3-F2-SBWG06,3,3
S3_322_RSB,250912515,NS-S3-F2-SBWG06,3,4
S3_621_RSB,250912586,NS-S3-F2-SBWG06,3,10
S3_421_RSB,250912598,NS-S3-F2-SBWG06,3,2
S3_821_RSB,250912706,NS-S3-F2-SBWG06,3,3
S3_522_RSB,250912709,NS-S3-F2-SBWG06,3,6
S3_1021_RSB,250912740,NS-S3-F2-SBWG06,3,2
S3_1022_RSB,250912742,NS-S3-F2-SBWG06,3,7
S3_222_RSB,250912965,NS-S3-F2-SBWG06,3,4
S3_521_RSB,2508010734,NS-S3-F2-SBWG06,3,11
S3_822_RSB,2508010794,NS-S3-F2-SBWG06,3,4
S3_1122_RSB,2508010923,NS-S3-F2-SBWG06,3,3
S3_712_RSB,2508010971,NS-S3-F2-SBWG06,3,3
S3_1121_RSB,2508010992,NS-S3-F2-SBWG06,3,1
S3_1123_RSB,250810004,NS-S3-F2-SBWG06,4,
S3_1023_RSB,250911704,NS-S3-F2-SBWG06,4,8
S3_924_RSB,250911817,NS-S3-F2-SBWG06,4,5
S3_824_RSB,250911837,NS-S3-F2-SBWG06,4,4
S3_323_RSB,250911885,NS-S3-F2-SBWG06,4,4
S3_524_RSB,250912481,NS-S3-F2-SBWG06,4,0
S3_224_RSB,250912503,NS-S3-F2-SBWG06,4,11
S3_1124_RSB,250912650,NS-S3-F2-SBWG06,4,2
S3_223_RSB,250912655,NS-S3-F2-SBWG06,4,12
S3_823_RSB,250912687,NS-S3-F2-SBWG06,4,12
S3_1024_RSB,250912777,NS-S3-F2-SBWG06,4,2
S3_523_RSB,250912789,NS-S3-F2-SBWG06,4,6
S3_423_RSB,250912931,NS-S3-F2-SBWG06,4,1
S3_923_RSB,2508010003,NS-S3-F2-SBWG06,4,6
S3_324_RSB,2508010084,NS-S3-F2-SBWG06,4,1
S3_424_RSB,2508010085,NS-S3-F2-SBWG06,4,9
S3_714_RSB,2508010930,NS-S3-F2-SBWG06,4,0
S3_624_RSB,2508010955,NS-S3-F2-SBWG06,4,14
S3_715_RSB,2508010978,NS-S3-F2-SBWG06,4,3
S3_623_RSB,2508010998,NS-S3-F2-SBWG06,4,9
S3_1125_LSB,250910325,NS-S3-F2-SBWG07,1,
S3_717_LSB,250910326,NS-S3-F2-SBWG07,1,
S3_1126_LSB,250910397,NS-S3-F2-SBWG07,1,
S3_225_LSB,250910536,NS-S3-F2-SBWG07,1,
S3_326_LSB,250910548,NS-S3-F2-SBWG07,1,
S3_826_LSB,250910560,NS-S3-F2-SBWG07,1,
S3_226_LSB,250910563,NS-S3-F2-SBWG07,1,
S3_825_LSB,250910586,NS-S3-F2-SBWG07,1,
S3_525_LSB,250910622,NS-S3-F2-SBWG07,1,
S3_425_LSB,250910626,NS-S3-F2-SBWG07,1,
S3_526_LSB,250910630,NS-S3-F2-SBWG07,1,
S3_716_LSB,250910703,NS-S3-F2-SBWG07,1,
S3_625_LSB,250910862,NS-S3-F2-SBWG07,1,
S3_626_LSB,250910891,NS-S3-F2-SBWG07,1,
S3_325_LSB,250910969,NS-S3-F2-SBWG07,1,
S3_426_LSB,250911001,NS-S3-F2-SBWG07,1,
S3_1026_LSB,250911102,NS-S3-F2-SBWG07,1,
S3_1025_LSB,250911146,NS-S3-F2-SBWG07,1,
S3_926_LSB,250911236,NS-S3-F2-SBWG07,1,
S3_925_LSB,250911262,NS-S3-F2-SBWG07,1,
S3_1027_LSB,250910324,NS-S3-F2-SBWG07,2,
S3_628_LSB,250910386,NS-S3-F2-SBWG07,2,
S3_427_LSB,250910440,NS-S3-F2-SBWG07,2,
S3_428_LSB,250910481,NS-S3-F2-SBWG07,2,
S3_328_LSB,250910498,NS-S3-F2-SBWG07,2,
S3_227_LSB,250910515,NS-S3-F2-SBWG07,2,
S3_928_LSB,250910555,NS-S3-F2-SBWG07,2,
S3_827_LSB,250910602,NS-S3-F2-SBWG07,2,
S3_1128_LSB,250910647,NS-S3-F2-SBWG07,2,
S3_1127_LSB,250910662,NS-S3-F2-SBWG07,2,
S3_528_LSB,250910674,NS-S3-F2-SBWG07,2,
S3_719_LSB,250910696,NS-S3-F2-SBWG07,2,
S3_527_LSB,250910746,NS-S3-F2-SBWG07,2,
S3_828_LSB,250910774,NS-S3-F2-SBWG07,2,
S3_1028_LSB,250910796,NS-S3-F2-SBWG07,2,
S3_627_LSB,250910902,NS-S3-F2-SBWG07,2,
S3_327_LSB,250910930,NS-S3-F2-SBWG07,2,
S3_228_LSB,250910946,NS-S3-F2-SBWG07,2,
S3_718_LSB,250911115,NS-S3-F2-SBWG07,2,
S3_927_LSB,250911215,NS-S3-F2-SBWG07,2,
S3_629_LSB,250910357,NS-S3-F2-SBWG07,3,
S3_1029_LSB,250910512,NS-S3-F2-SBWG07,3,
S3_CSJ9_LSB,250910513,NS-S3-F2-SBWG07,3,
S3_829_LSB,250910740,NS-S3-F2-SBWG07,3,
S3_529_LSB,250910751,NS-S3-F2-SBWG07,3,
S3_CSJ5_LSB,250910753,NS-S3-F2-SBWG07,3,
S3_720_LSB,250910858,NS-S3-F2-SBWG07,3,
S3_1129_LSB,250910865,NS-S3-F2-SBWG07,3,
S3_CSJ2_LSB,250910873,NS-S3-F2-SBWG07,3,
S3_CSJ8_LSB,250910883,NS-S3-F2-SBWG07,3,
S3_229_LSB,250910919,NS-S3-F2-SBWG07,3,
S3_CSJ3_LSB,250911015,NS-S3-F2-SBWG07,3,
S3_CSJ10_LSB,250911034,NS-S3-F2-SBWG07,3,
S3_929_LSB,250911065,NS-S3-F2-SBWG07,3,
S3_429_LSB,250911073,NS-S3-F2-SBWG07,3,
S3_329_LSB,250911074,NS-S3-F2-SBWG07,3,
S3_CSJ4_LSB,250911156,NS-S3-F2-SBWG07,3,
S3_CSJ11_LSB,250911186,NS-S3-F2-SBWG07,3,
S3_CSJ6_LSB,250911254,NS-S3-F2-SBWG07,3,
S3_CSJ7_LSB,2508010844,NS-S3-F2-SBWG07,3,
S3_531_LSB,250711273,NS-S3-F2-SBWG07,4,
S3_1130_LSB,250910365,NS-S3-F2-SBWG07,4,
S3_330_LSB,250910455,NS-S3-F2-SBWG07,4,
S3_331_LSB,250910499,NS-S3-F2-SBWG07,4,
S3_231_LSB,250910501,NS-S3-F2-SBWG07,4,
S3_230_LSB,250910539,NS-S3-F2-SBWG07,4,
S3_930_LSB,250910542,NS-S3-F2-SBWG07,4,
S3_931_LSB,250910551,NS-S3-F2-SBWG07,4,
S3_722_LSB,250910739,NS-S3-F2-SBWG07,4,
S3_1131_LSB,250910744,NS-S3-F2-SBWG07,4,
S3_721_LSB,250910879,NS-S3-F2-SBWG07,4,
S3_1031_LSB,250910915,NS-S3-F2-SBWG07,4,
S3_630_LSB,250910974,NS-S3-F2-SBWG07,4,
S3_430_LSB,250911007,NS-S3-F2-SBWG07,4,
S3_830_LSB,250911047,NS-S3-F2-SBWG07,4,
S3_431_LSB,250911085,NS-S3-F2-SBWG07,4,
S3_631_LSB,250911204,NS-S3-F2-SBWG07,4,
S3_1030_LSB,250911223,NS-S3-F2-SBWG07,4,
S3_530_LSB,250911246,NS-S3-F2-SBWG07,4,
S3_831_LSB,250911269,NS-S3-F2-SBWG07,4,
S3_926_RSB,250911708,NS-S3-F2-SBWG08,1,
S3_425_RSB,250911843,NS-S3-F2-SBWG08,1,
S3_825_RSB,250911846,NS-S3-F2-SBWG08,1,
S3_826_RSB,250911871,NS-S3-F2-SBWG08,1,
S3_1026_RSB,250912593,NS-S3-F2-SBWG08,1,
S3_925_RSB,250912637,NS-S3-F2-SBWG08,1,
S3_326_RSB,250912691,NS-S3-F2-SBWG08,1,
S3_526_RSB,250912706,NS-S3-F2-SBWG08,1,
S3_1126_RSB,250912763,NS-S3-F2-SBWG08,1,
S3_1025_RSB,250912778,NS-S3-F2-SBWG08,1,
S3_325_RSB,250912921,NS-S3-F2-SBWG08,1,
S3_225_RSB,250912922,NS-S3-F2-SBWG08,1,
S3_426_RSB,250912931,NS-S3-F2-SBWG08,1,
S3_525_RSB,2508010739,NS-S3-F2-SBWG08,1,
S3_717_RSB,2508010915,NS-S3-F2-SBWG08,1,
S3_226_RSB,2508010917,NS-S3-F2-SBWG08,1,
S3_716_RSB,2508010936,NS-S3-F2-SBWG08,1,
S3_1125_RSB,2508010961,NS-S3-F2-SBWG08,1,
S3_625_RSB,2508010967,NS-S3-F2-SBWG08,1,
S3_626_RSB,2508010993,NS-S3-F2-SBWG08,1,
S3_1128_RSB,250911780,NS-S3-F2-SBWG08,2,
S3_927_RSB,250911835,NS-S3-F2-SBWG08,2,
S3_718_RSB,250911862,NS-S3-F2-SBWG08,2,
S3_427_RSB,250911879,NS-S3-F2-SBWG08,2,
S3_327_RSB,250911883,NS-S3-F2-SBWG08,2,
S3_828_RSB,250912409,NS-S3-F2-SBWG08,2,
S3_827_RSB,250912475,NS-S3-F2-SBWG08,2,
S3_528_RSB,250912495,NS-S3-F2-SBWG08,2,
S3_527_RSB,250912504,NS-S3-F2-SBWG08,2,
S3_227_RSB,250912537,NS-S3-F2-SBWG08,2,
S3_228_RSB,250912589,NS-S3-F2-SBWG08,2,
S3_719_RSB,250912606,NS-S3-F2-SBWG08,2,
S3_1127_RSB,250912616,NS-S3-F2-SBWG08,2,
S3_928_RSB,250912638,NS-S3-F2-SBWG08,2,
S3_1027_RSB,250912705,NS-S3-F2-SBWG08,2,
S3_1028_RSB,250912729,NS-S3-F2-SBWG08,2,
S3_627_RSB,250913000,NS-S3-F2-SBWG08,2,
S3_628_RSB,2508010784,NS-S3-F2-SBWG08,2,
S3_328_RSB,2508010785,NS-S3-F2-SBWG08,2,
S3_428_RSB,2508010945,NS-S3-F2-SBWG08,2,
S3_CSJ7_RSB,250900028,NS-S3-F2-SBWG08,3,
S3_229_RSB,250911776,NS-S3-F2-SBWG08,3,
S3_CSJ10_RSB,250911790,NS-S3-F2-SBWG08,3,
S3_CSJ3_RSB,250911867,NS-S3-F2-SBWG08,3,
S3_829_RSB,250912538,NS-S3-F2-SBWG08,3,
S3_1029_RSB,250912540,NS-S3-F2-SBWG08,3,
S3_429_RSB,250912584,NS-S3-F2-SBWG08,3,
S3_720_RSB,250912621,NS-S3-F2-SBWG08,3,
S3_929_RSB,250912678,NS-S3-F2-SBWG08,3,
S3_529_RSB,250912725,NS-S3-F2-SBWG08,3,
S3_CSJ11_RSB,250912753,NS-S3-F2-SBWG08,3,
S3_CSJ5_RSB,250912786,NS-S3-F2-SBWG08,3,
S3_629_RSB,250912947,NS-S3-F2-SBWG08,3,
S3_CSJ4_RSB,250912977,NS-S3-F2-SBWG08,3,
S3_329_RSB,2508010712,NS-S3-F2-SBWG08,3,
S3_CSJ8_RSB,2508010902,NS-S3-F2-SBWG08,3,
S3_CSJ9_RSB,2508010905,NS-S3-F2-SBWG08,3,
S3_CSJ2_RSB,2508010943,NS-S3-F2-SBWG08,3,
S3_CSJ6_RSB,2508010976,NS-S3-F2-SBWG08,3,
S3_1129_RSB,2508010990,NS-S3-F2-SBWG08,3,
S3_1130_RSB,250911774,NS-S3-F2-SBWG08,4,
S3_831_RSB,250911808,NS-S3-F2-SBWG08,4,
S3_931_RSB,250911864,NS-S3-F2-SBWG08,4,
S3_721_RSB,250911886,NS-S3-F2-SBWG08,4,
S3_531_RSB,250911891,NS-S3-F2-SBWG08,4,
S3_1030_RSB,250912450,NS-S3-F2-SBWG08,4,
S3_1031_RSB,250912477,NS-S3-F2-SBWG08,4,
S3_830_RSB,250912544,NS-S3-F2-SBWG08,4,
S3_431_RSB,250912550,NS-S3-F2-SBWG08,4,
S3_331_RSB,250912590,NS-S3-F2-SBWG08,4,
S3_722_RSB,250912664,NS-S3-F2-SBWG08,4,
S3_930_RSB,250912919,NS-S3-F2-SBWG08,4,
S3_630_RSB,250912932,NS-S3-F2-SBWG08,4,
S3_231_RSB,250912936,NS-S3-F2-SBWG08,4,
S3_230_RSB,250912978,NS-S3-F2-SBWG08,4,
S3_530_RSB,2508010059,NS-S3-F2-SBWG08,4,
S3_430_RSB,2508010070,NS-S3-F2-SBWG08,4,
S3_330_RSB,2508010713,NS-S3-F2-SBWG08,4,
S3_1131_RSB,2508010940,NS-S3-F2-SBWG08,4,
S3_631_RSB,2508010941,NS-S3-F2-SBWG08,4,
